image_id,discard_reason,technical_warning_name
26.png,demasiados componentes/células segmentadas,warning_too_many_components
31.png,demasiados componentes/células segmentadas,warning_too_many_components
40.png,demasiados componentes/células segmentadas,warning_too_many_components
51.png,demasiados componentes/células segmentadas,warning_too_many_components
71.png,demasiados componentes/células segmentadas,warning_too_many_components
89.png,demasiados componentes/células segmentadas,warning_too_many_components
91.png,demasiados componentes/células segmentadas,warning_too_many_components
108.png,demasiados componentes/células segmentadas,warning_too_many_components
113.png,demasiados componentes/células segmentadas,warning_too_many_components
117.png,demasiados componentes/células segmentadas,warning_too_many_components
120.png,demasiados componentes/células segmentadas,warning_too_many_components
123.png,demasiados componentes/células segmentadas,warning_too_many_components
155.png,demasiados componentes/células segmentadas,warning_too_many_components
157.png,demasiados componentes/células segmentadas,warning_too_many_components
186.png,demasiados componentes/células segmentadas,warning_too_many_components
202.png,demasiados componentes/células segmentadas,warning_too_many_components
203.png,demasiados componentes/células segmentadas,warning_too_many_components
205.png,demasiados componentes/células segmentadas,warning_too_many_components
206.png,demasiados componentes/células segmentadas,warning_too_many_components
224.png,demasiados componentes/células segmentadas,warning_too_many_components
227.png,demasiados componentes/células segmentadas,warning_too_many_components
243.png,demasiados componentes/células segmentadas,warning_too_many_components
270.png,demasiados componentes/células segmentadas,warning_too_many_components
292.png,demasiados componentes/células segmentadas,warning_too_many_components
296.png,demasiados componentes/células segmentadas,warning_too_many_components
307.png,demasiados componentes/células segmentadas,warning_too_many_components
313.png,demasiados componentes/células segmentadas,warning_too_many_components
330.png,demasiados componentes/células segmentadas,warning_too_many_components
336.png,demasiados componentes/células segmentadas,warning_too_many_components
340.png,demasiados componentes/células segmentadas,warning_too_many_components
363.png,demasiados componentes/células segmentadas,warning_too_many_components
364.png,demasiados componentes/células segmentadas,warning_too_many_components
368.png,demasiados componentes/células segmentadas,warning_too_many_components
371.png,demasiados componentes/células segmentadas,warning_too_many_components
373.png,demasiados componentes/células segmentadas,warning_too_many_components
390.png,demasiados componentes/células segmentadas,warning_too_many_components
394.png,demasiados componentes/células segmentadas,warning_too_many_components
397.png,demasiados componentes/células segmentadas,warning_too_many_components
405.png,demasiados componentes/células segmentadas,warning_too_many_components
410.png,demasiados componentes/células segmentadas,warning_too_many_components
433.png,demasiados componentes/células segmentadas,warning_too_many_components
438.png,demasiados componentes/células segmentadas,warning_too_many_components
443.png,demasiados componentes/células segmentadas,warning_too_many_components
453.png,demasiados componentes/células segmentadas,warning_too_many_components
462.png,demasiados componentes/células segmentadas,warning_too_many_components
466.png,demasiados componentes/células segmentadas,warning_too_many_components
486.png,demasiados componentes/células segmentadas,warning_too_many_components
487.png,demasiados componentes/células segmentadas,warning_too_many_components
505.png,demasiados componentes/células segmentadas,warning_too_many_components
507.png,demasiados componentes/células segmentadas,warning_too_many_components
508.png,demasiados componentes/células segmentadas,warning_too_many_components
510.png,demasiados componentes/células segmentadas,warning_too_many_components
511.png,demasiados componentes/células segmentadas,warning_too_many_components
512.png,demasiados componentes/células segmentadas,warning_too_many_components
513.png,demasiados componentes/células segmentadas,warning_too_many_components
515.png,demasiados componentes/células segmentadas,warning_too_many_components
516.png,demasiados componentes/células segmentadas,warning_too_many_components
519.png,demasiados componentes/células segmentadas,warning_too_many_components
520.png,demasiados componentes/células segmentadas,warning_too_many_components
521.png,demasiados componentes/células segmentadas,warning_too_many_components
522.png,demasiados componentes/células segmentadas,warning_too_many_components
526.png,demasiados componentes/células segmentadas,warning_too_many_components
527.png,demasiados componentes/células segmentadas,warning_too_many_components
530.png,demasiados componentes/células segmentadas,warning_too_many_components
531.png,demasiados componentes/células segmentadas,warning_too_many_components
533.png,demasiados componentes/células segmentadas,warning_too_many_components
553.png,demasiados componentes/células segmentadas,warning_too_many_components
577.png,demasiados componentes/células segmentadas,warning_too_many_components
589.png,demasiados componentes/células segmentadas,warning_too_many_components
591.png,demasiados componentes/células segmentadas,warning_too_many_components
592.png,demasiados componentes/células segmentadas,warning_too_many_components
597.png,demasiados componentes/células segmentadas,warning_too_many_components
598.png,demasiados componentes/células segmentadas,warning_too_many_components
633.png,demasiados componentes/células segmentadas,warning_too_many_components
659.png,demasiados componentes/células segmentadas,warning_too_many_components
669.png,demasiados componentes/células segmentadas,warning_too_many_components
670.png,demasiados componentes/células segmentadas,warning_too_many_components
671.png,demasiados componentes/células segmentadas,warning_too_many_components
673.png,demasiados componentes/células segmentadas,warning_too_many_components
675.png,demasiados componentes/células segmentadas,warning_too_many_components
677.png,demasiados componentes/células segmentadas,warning_too_many_components
678.png,demasiados componentes/células segmentadas,warning_too_many_components
681.png,demasiados componentes/células segmentadas,warning_too_many_components
683.png,demasiados componentes/células segmentadas,warning_too_many_components
684.png,demasiados componentes/células segmentadas,warning_too_many_components
688.png,demasiados componentes/células segmentadas,warning_too_many_components
689.png,demasiados componentes/células segmentadas,warning_too_many_components
691.png,demasiados componentes/células segmentadas,warning_too_many_components
692.png,demasiados componentes/células segmentadas,warning_too_many_components
693.png,demasiados componentes/células segmentadas,warning_too_many_components
694.png,demasiados componentes/células segmentadas,warning_too_many_components
695.png,demasiados componentes/células segmentadas,warning_too_many_components
696.png,demasiados componentes/células segmentadas,warning_too_many_components
698.png,demasiados componentes/células segmentadas,warning_too_many_components
699.png,demasiados componentes/células segmentadas,warning_too_many_components
700.png,demasiados componentes/células segmentadas,warning_too_many_components
701.png,demasiados componentes/células segmentadas,warning_too_many_components
702.png,demasiados componentes/células segmentadas,warning_too_many_components
703.png,demasiados componentes/células segmentadas,warning_too_many_components
704.png,demasiados componentes/células segmentadas,warning_too_many_components
705.png,demasiados componentes/células segmentadas,warning_too_many_components
707.png,demasiados componentes/células segmentadas,warning_too_many_components
708.png,demasiados componentes/células segmentadas,warning_too_many_components
710.png,demasiados componentes/células segmentadas,warning_too_many_components
711.png,demasiados componentes/células segmentadas,warning_too_many_components
713.png,demasiados componentes/células segmentadas,warning_too_many_components
714.png,demasiados componentes/células segmentadas,warning_too_many_components
715.png,demasiados componentes/células segmentadas,warning_too_many_components
716.png,demasiados componentes/células segmentadas,warning_too_many_components
718.png,demasiados componentes/células segmentadas,warning_too_many_components
719.png,demasiados componentes/células segmentadas,warning_too_many_components
720.png,demasiados componentes/células segmentadas,warning_too_many_components
721.png,demasiados componentes/células segmentadas,warning_too_many_components
722.png,demasiados componentes/células segmentadas,warning_too_many_components
723.png,demasiados componentes/células segmentadas,warning_too_many_components
729.png,demasiados componentes/células segmentadas,warning_too_many_components
730.png,demasiados componentes/células segmentadas,warning_too_many_components
731.png,demasiados componentes/células segmentadas,warning_too_many_components
732.png,demasiados componentes/células segmentadas,warning_too_many_components
733.png,demasiados componentes/células segmentadas,warning_too_many_components
736.png,demasiados componentes/células segmentadas,warning_too_many_components
737.png,demasiados componentes/células segmentadas,warning_too_many_components
738.png,demasiados componentes/células segmentadas,warning_too_many_components
740.png,demasiados componentes/células segmentadas,warning_too_many_components
741.png,demasiados componentes/células segmentadas,warning_too_many_components
743.png,demasiados componentes/células segmentadas,warning_too_many_components
744.png,demasiados componentes/células segmentadas,warning_too_many_components
745.png,demasiados componentes/células segmentadas,warning_too_many_components
746.png,demasiados componentes/células segmentadas,warning_too_many_components
747.png,demasiados componentes/células segmentadas,warning_too_many_components
748.png,demasiados componentes/células segmentadas,warning_too_many_components
749.png,demasiados componentes/células segmentadas,warning_too_many_components
750.png,demasiados componentes/células segmentadas,warning_too_many_components
755.png,demasiados componentes/células segmentadas,warning_too_many_components
759.png,demasiados componentes/células segmentadas,warning_too_many_components
761.png,demasiados componentes/células segmentadas,warning_too_many_components
762.png,demasiados componentes/células segmentadas,warning_too_many_components
763.png,demasiados componentes/células segmentadas,warning_too_many_components
765.png,demasiados componentes/células segmentadas,warning_too_many_components
767.png,demasiados componentes/células segmentadas,warning_too_many_components
768.png,demasiados componentes/células segmentadas,warning_too_many_components
770.png,demasiados componentes/células segmentadas,warning_too_many_components
783.png,demasiados componentes/células segmentadas,warning_too_many_components
787.png,demasiados componentes/células segmentadas,warning_too_many_components
790.png,demasiados componentes/células segmentadas,warning_too_many_components
799.png,demasiados componentes/células segmentadas,warning_too_many_components
801.png,demasiados componentes/células segmentadas,warning_too_many_components
802.png,demasiados componentes/células segmentadas,warning_too_many_components
805.png,demasiados componentes/células segmentadas,warning_too_many_components
808.png,demasiados componentes/células segmentadas,warning_too_many_components
810.png,demasiados componentes/células segmentadas,warning_too_many_components
811.png,demasiados componentes/células segmentadas,warning_too_many_components
813.png,demasiados componentes/células segmentadas,warning_too_many_components
820.png,demasiados componentes/células segmentadas,warning_too_many_components
822.png,demasiados componentes/células segmentadas,warning_too_many_components
825.png,demasiados componentes/células segmentadas,warning_too_many_components
827.png,demasiados componentes/células segmentadas,warning_too_many_components
828.png,demasiados componentes/células segmentadas,warning_too_many_components
829.png,demasiados componentes/células segmentadas,warning_too_many_components
830.png,demasiados componentes/células segmentadas,warning_too_many_components
833.png,demasiados componentes/células segmentadas,warning_too_many_components
834.png,demasiados componentes/células segmentadas,warning_too_many_components
835.png,demasiados componentes/células segmentadas,warning_too_many_components
836.png,demasiados componentes/células segmentadas,warning_too_many_components
837.png,demasiados componentes/células segmentadas,warning_too_many_components
842.png,demasiados componentes/células segmentadas,warning_too_many_components
844.png,demasiados componentes/células segmentadas,warning_too_many_components
846.png,demasiados componentes/células segmentadas,warning_too_many_components
848.png,demasiados componentes/células segmentadas,warning_too_many_components
849.png,demasiados componentes/células segmentadas,warning_too_many_components
850.png,demasiados componentes/células segmentadas,warning_too_many_components
851.png,demasiados componentes/células segmentadas,warning_too_many_components
852.png,demasiados componentes/células segmentadas,warning_too_many_components
853.png,demasiados componentes/células segmentadas,warning_too_many_components
856.png,demasiados componentes/células segmentadas,warning_too_many_components
857.png,demasiados componentes/células segmentadas,warning_too_many_components
859.png,demasiados componentes/células segmentadas,warning_too_many_components
860.png,demasiados componentes/células segmentadas,warning_too_many_components
864.png,demasiados componentes/células segmentadas,warning_too_many_components
871.png,demasiados componentes/células segmentadas,warning_too_many_components
872.png,demasiados componentes/células segmentadas,warning_too_many_components
873.png,demasiados componentes/células segmentadas,warning_too_many_components
874.png,demasiados componentes/células segmentadas,warning_too_many_components
875.png,demasiados componentes/células segmentadas,warning_too_many_components
876.png,demasiados componentes/células segmentadas,warning_too_many_components
877.png,demasiados componentes/células segmentadas,warning_too_many_components
878.png,demasiados componentes/células segmentadas,warning_too_many_components
879.png,demasiados componentes/células segmentadas,warning_too_many_components
880.png,demasiados componentes/células segmentadas,warning_too_many_components
881.png,demasiados componentes/células segmentadas,warning_too_many_components
882.png,demasiados componentes/células segmentadas,warning_too_many_components
883.png,demasiados componentes/células segmentadas,warning_too_many_components
884.png,demasiados componentes/células segmentadas,warning_too_many_components
885.png,demasiados componentes/células segmentadas,warning_too_many_components
886.png,demasiados componentes/células segmentadas,warning_too_many_components
887.png,demasiados componentes/células segmentadas,warning_too_many_components
889.png,demasiados componentes/células segmentadas,warning_too_many_components
893.png,demasiados componentes/células segmentadas,warning_too_many_components
896.png,demasiados componentes/células segmentadas,warning_too_many_components
897.png,demasiados componentes/células segmentadas,warning_too_many_components
898.png,demasiados componentes/células segmentadas,warning_too_many_components
899.png,demasiados componentes/células segmentadas,warning_too_many_components
900.png,demasiados componentes/células segmentadas,warning_too_many_components
902.png,demasiados componentes/células segmentadas,warning_too_many_components
903.png,demasiados componentes/células segmentadas,warning_too_many_components
905.png,demasiados componentes/células segmentadas,warning_too_many_components
906.png,demasiados componentes/células segmentadas,warning_too_many_components
907.png,demasiados componentes/células segmentadas,warning_too_many_components
908.png,demasiados componentes/células segmentadas,warning_too_many_components
911.png,demasiados componentes/células segmentadas,warning_too_many_components
916.png,demasiados componentes/células segmentadas,warning_too_many_components
917.png,demasiados componentes/células segmentadas,warning_too_many_components
921.png,demasiados componentes/células segmentadas,warning_too_many_components
922.png,demasiados componentes/células segmentadas,warning_too_many_components
923.png,demasiados componentes/células segmentadas,warning_too_many_components
933.png,demasiados componentes/células segmentadas,warning_too_many_components
935.png,demasiados componentes/células segmentadas,warning_too_many_components
936.png,demasiados componentes/células segmentadas,warning_too_many_components
938.png,demasiados componentes/células segmentadas,warning_too_many_components
940.png,demasiados componentes/células segmentadas,warning_too_many_components
942.png,demasiados componentes/células segmentadas,warning_too_many_components
943.png,demasiados componentes/células segmentadas,warning_too_many_components
946.png,demasiados componentes/células segmentadas,warning_too_many_components
948.png,demasiados componentes/células segmentadas,warning_too_many_components
949.png,demasiados componentes/células segmentadas,warning_too_many_components
953.png,demasiados componentes/células segmentadas,warning_too_many_components
954.png,demasiados componentes/células segmentadas,warning_too_many_components
955.png,demasiados componentes/células segmentadas,warning_too_many_components
958.png,demasiados componentes/células segmentadas,warning_too_many_components
959.png,demasiados componentes/células segmentadas,warning_too_many_components
969.png,demasiados componentes/células segmentadas,warning_too_many_components
970.png,demasiados componentes/células segmentadas,warning_too_many_components
973.png,demasiados componentes/células segmentadas,warning_too_many_components
974.png,demasiados componentes/células segmentadas,warning_too_many_components
975.png,demasiados componentes/células segmentadas,warning_too_many_components
976.png,demasiados componentes/células segmentadas,warning_too_many_components
982.png,demasiados componentes/células segmentadas,warning_too_many_components
983.png,demasiados componentes/células segmentadas,warning_too_many_components
984.png,demasiados componentes/células segmentadas,warning_too_many_components
985.png,demasiados componentes/células segmentadas,warning_too_many_components
988.png,demasiados componentes/células segmentadas,warning_too_many_components
989.png,demasiados componentes/células segmentadas,warning_too_many_components
992.png,demasiados componentes/células segmentadas,warning_too_many_components
994.png,demasiados componentes/células segmentadas,warning_too_many_components
999.png,demasiados componentes/células segmentadas,warning_too_many_components
1000.png,demasiados componentes/células segmentadas,warning_too_many_components
1002.png,demasiados componentes/células segmentadas,warning_too_many_components
1003.png,demasiados componentes/células segmentadas,warning_too_many_components
1004.png,demasiados componentes/células segmentadas,warning_too_many_components
1005.png,demasiados componentes/células segmentadas,warning_too_many_components
1006.png,demasiados componentes/células segmentadas,warning_too_many_components
1007.png,demasiados componentes/células segmentadas,warning_too_many_components
1008.png,demasiados componentes/células segmentadas,warning_too_many_components
1010.png,demasiados componentes/células segmentadas,warning_too_many_components
1011.png,demasiados componentes/células segmentadas,warning_too_many_components
1012.png,demasiados componentes/células segmentadas,warning_too_many_components
1013.png,demasiados componentes/células segmentadas,warning_too_many_components
1014.png,demasiados componentes/células segmentadas,warning_too_many_components
1015.png,demasiados componentes/células segmentadas,warning_too_many_components
1016.png,demasiados componentes/células segmentadas,warning_too_many_components
1018.png,demasiados componentes/células segmentadas,warning_too_many_components
1019.png,demasiados componentes/células segmentadas,warning_too_many_components
1020.png,demasiados componentes/células segmentadas,warning_too_many_components
1021.png,demasiados componentes/células segmentadas,warning_too_many_components
1024.png,demasiados componentes/células segmentadas,warning_too_many_components
1026.png,demasiados componentes/células segmentadas,warning_too_many_components
1028.png,demasiados componentes/células segmentadas,warning_too_many_components
1029.png,demasiados componentes/células segmentadas,warning_too_many_components
1030.png,demasiados componentes/células segmentadas,warning_too_many_components
1031.png,demasiados componentes/células segmentadas,warning_too_many_components
1032.png,demasiados componentes/células segmentadas,warning_too_many_components
1033.png,demasiados componentes/células segmentadas,warning_too_many_components
1034.png,demasiados componentes/células segmentadas,warning_too_many_components
1035.png,demasiados componentes/células segmentadas,warning_too_many_components
1036.png,demasiados componentes/células segmentadas,warning_too_many_components
1037.png,demasiados componentes/células segmentadas,warning_too_many_components
1038.png,demasiados componentes/células segmentadas,warning_too_many_components
1041.png,demasiados componentes/células segmentadas,warning_too_many_components
1043.png,demasiados componentes/células segmentadas,warning_too_many_components
1045.png,demasiados componentes/células segmentadas,warning_too_many_components
1047.png,demasiados componentes/células segmentadas,warning_too_many_components
1048.png,demasiados componentes/células segmentadas,warning_too_many_components
1049.png,demasiados componentes/células segmentadas,warning_too_many_components
1050.png,demasiados componentes/células segmentadas,warning_too_many_components
1051.png,demasiados componentes/células segmentadas,warning_too_many_components
1052.png,demasiados componentes/células segmentadas,warning_too_many_components
1053.png,demasiados componentes/células segmentadas,warning_too_many_components
1055.png,demasiados componentes/células segmentadas,warning_too_many_components
1056.png,demasiados componentes/células segmentadas,warning_too_many_components
1057.png,demasiados componentes/células segmentadas,warning_too_many_components
1058.png,demasiados componentes/células segmentadas,warning_too_many_components
1059.png,demasiados componentes/células segmentadas,warning_too_many_components
1060.png,demasiados componentes/células segmentadas,warning_too_many_components
1061.png,demasiados componentes/células segmentadas,warning_too_many_components
1062.png,demasiados componentes/células segmentadas,warning_too_many_components
1065.png,demasiados componentes/células segmentadas,warning_too_many_components
1067.png,demasiados componentes/células segmentadas,warning_too_many_components
1068.png,demasiados componentes/células segmentadas,warning_too_many_components
1069.png,demasiados componentes/células segmentadas,warning_too_many_components
1070.png,demasiados componentes/células segmentadas,warning_too_many_components
1071.png,demasiados componentes/células segmentadas,warning_too_many_components
1072.png,demasiados componentes/células segmentadas,warning_too_many_components
1073.png,demasiados componentes/células segmentadas,warning_too_many_components
1074.png,demasiados componentes/células segmentadas,warning_too_many_components
1075.png,demasiados componentes/células segmentadas,warning_too_many_components
1078.png,demasiados componentes/células segmentadas,warning_too_many_components
1086.png,demasiados componentes/células segmentadas,warning_too_many_components
1106.png,demasiados componentes/células segmentadas,warning_too_many_components
1111.png,demasiados componentes/células segmentadas,warning_too_many_components
1118.png,demasiados componentes/células segmentadas,warning_too_many_components
1121.png,demasiados componentes/células segmentadas,warning_too_many_components
1126.png,demasiados componentes/células segmentadas,warning_too_many_components
1127.png,demasiados componentes/células segmentadas,warning_too_many_components
1129.png,demasiados componentes/células segmentadas,warning_too_many_components
1133.png,demasiados componentes/células segmentadas,warning_too_many_components
1134.png,demasiados componentes/células segmentadas,warning_too_many_components
1136.png,demasiados componentes/células segmentadas,warning_too_many_components
1138.png,demasiados componentes/células segmentadas,warning_too_many_components
1139.png,demasiados componentes/células segmentadas,warning_too_many_components
1145.png,demasiados componentes/células segmentadas,warning_too_many_components
1146.png,demasiados componentes/células segmentadas,warning_too_many_components
1147.png,demasiados componentes/células segmentadas,warning_too_many_components
1151.png,demasiados componentes/células segmentadas,warning_too_many_components
1152.png,demasiados componentes/células segmentadas,warning_too_many_components
1153.png,demasiados componentes/células segmentadas,warning_too_many_components
1155.png,demasiados componentes/células segmentadas,warning_too_many_components
1156.png,demasiados componentes/células segmentadas,warning_too_many_components
1160.png,demasiados componentes/células segmentadas,warning_too_many_components
1161.png,demasiados componentes/células segmentadas,warning_too_many_components
1164.png,demasiados componentes/células segmentadas,warning_too_many_components
1165.png,demasiados componentes/células segmentadas,warning_too_many_components
1168.png,demasiados componentes/células segmentadas,warning_too_many_components
1170.png,demasiados componentes/células segmentadas,warning_too_many_components
1171.png,demasiados componentes/células segmentadas,warning_too_many_components
1172.png,demasiados componentes/células segmentadas,warning_too_many_components
1175.png,demasiados componentes/células segmentadas,warning_too_many_components
1176.png,demasiados componentes/células segmentadas,warning_too_many_components
1177.png,demasiados componentes/células segmentadas,warning_too_many_components
1181.png,demasiados componentes/células segmentadas,warning_too_many_components
1183.png,demasiados componentes/células segmentadas,warning_too_many_components
1186.png,demasiados componentes/células segmentadas,warning_too_many_components
1199.png,demasiados componentes/células segmentadas,warning_too_many_components
1203.png,demasiados componentes/células segmentadas,warning_too_many_components
1205.png,demasiados componentes/células segmentadas,warning_too_many_components
1207.png,demasiados componentes/células segmentadas,warning_too_many_components
1208.png,demasiados componentes/células segmentadas,warning_too_many_components
1214.png,demasiados componentes/células segmentadas,warning_too_many_components
1224.png,demasiados componentes/células segmentadas,warning_too_many_components
1235.png,demasiados componentes/células segmentadas,warning_too_many_components
1247.png,demasiados componentes/células segmentadas,warning_too_many_components
1249.png,demasiados componentes/células segmentadas,warning_too_many_components
1256.png,demasiados componentes/células segmentadas,warning_too_many_components
1259.png,demasiados componentes/células segmentadas,warning_too_many_components
1264.png,demasiados componentes/células segmentadas,warning_too_many_components
1267.png,demasiados componentes/células segmentadas,warning_too_many_components
1270.png,demasiados componentes/células segmentadas,warning_too_many_components
1276.png,demasiados componentes/células segmentadas,warning_too_many_components
1279.png,demasiados componentes/células segmentadas,warning_too_many_components
1282.png,demasiados componentes/células segmentadas,warning_too_many_components
1283.png,demasiados componentes/células segmentadas,warning_too_many_components
1285.png,demasiados componentes/células segmentadas,warning_too_many_components
1287.png,demasiados componentes/células segmentadas,warning_too_many_components
1288.png,demasiados componentes/células segmentadas,warning_too_many_components
1289.png,demasiados componentes/células segmentadas,warning_too_many_components
1291.png,demasiados componentes/células segmentadas,warning_too_many_components
1292.png,demasiados componentes/células segmentadas,warning_too_many_components
1293.png,demasiados componentes/células segmentadas,warning_too_many_components
1294.png,demasiados componentes/células segmentadas,warning_too_many_components
1295.png,demasiados componentes/células segmentadas,warning_too_many_components
1296.png,demasiados componentes/células segmentadas,warning_too_many_components
1297.png,demasiados componentes/células segmentadas,warning_too_many_components
1298.png,demasiados componentes/células segmentadas,warning_too_many_components
1299.png,demasiados componentes/células segmentadas,warning_too_many_components
1300.png,demasiados componentes/células segmentadas,warning_too_many_components
1301.png,demasiados componentes/células segmentadas,warning_too_many_components
1302.png,demasiados componentes/células segmentadas,warning_too_many_components
1303.png,demasiados componentes/células segmentadas,warning_too_many_components
1304.png,demasiados componentes/células segmentadas,warning_too_many_components
1305.png,demasiados componentes/células segmentadas,warning_too_many_components
1306.png,demasiados componentes/células segmentadas,warning_too_many_components
1307.png,demasiados componentes/células segmentadas,warning_too_many_components
1308.png,demasiados componentes/células segmentadas,warning_too_many_components
1309.png,demasiados componentes/células segmentadas,warning_too_many_components
1310.png,demasiados componentes/células segmentadas,warning_too_many_components
1311.png,demasiados componentes/células segmentadas,warning_too_many_components
1312.png,demasiados componentes/células segmentadas,warning_too_many_components
1314.png,demasiados componentes/células segmentadas,warning_too_many_components
1315.png,demasiados componentes/células segmentadas,warning_too_many_components
1316.png,demasiados componentes/células segmentadas,warning_too_many_components
1318.png,demasiados componentes/células segmentadas,warning_too_many_components
1319.png,demasiados componentes/células segmentadas,warning_too_many_components
1321.png,demasiados componentes/células segmentadas,warning_too_many_components
1322.png,demasiados componentes/células segmentadas,warning_too_many_components
1325.png,demasiados componentes/células segmentadas,warning_too_many_components
1327.png,demasiados componentes/células segmentadas,warning_too_many_components
1328.png,demasiados componentes/células segmentadas,warning_too_many_components
1329.png,demasiados componentes/células segmentadas,warning_too_many_components
1330.png,demasiados componentes/células segmentadas,warning_too_many_components
1331.png,demasiados componentes/células segmentadas,warning_too_many_components
1332.png,demasiados componentes/células segmentadas,warning_too_many_components
1333.png,demasiados componentes/células segmentadas,warning_too_many_components
1334.png,demasiados componentes/células segmentadas,warning_too_many_components
1336.png,demasiados componentes/células segmentadas,warning_too_many_components
1337.png,demasiados componentes/células segmentadas,warning_too_many_components
1338.png,demasiados componentes/células segmentadas,warning_too_many_components
1339.png,demasiados componentes/células segmentadas,warning_too_many_components
1341.png,demasiados componentes/células segmentadas,warning_too_many_components
1342.png,demasiados componentes/células segmentadas,warning_too_many_components
1343.png,demasiados componentes/células segmentadas,warning_too_many_components
1344.png,demasiados componentes/células segmentadas,warning_too_many_components
1346.png,demasiados componentes/células segmentadas,warning_too_many_components
1347.png,demasiados componentes/células segmentadas,warning_too_many_components
1348.png,demasiados componentes/células segmentadas,warning_too_many_components
1349.png,demasiados componentes/células segmentadas,warning_too_many_components
1350.png,demasiados componentes/células segmentadas,warning_too_many_components
1351.png,demasiados componentes/células segmentadas,warning_too_many_components
1352.png,demasiados componentes/células segmentadas,warning_too_many_components
1358.png,demasiados componentes/células segmentadas,warning_too_many_components
1359.png,demasiados componentes/células segmentadas,warning_too_many_components
1360.png,demasiados componentes/células segmentadas,warning_too_many_components
1363.png,demasiados componentes/células segmentadas,warning_too_many_components
1364.png,demasiados componentes/células segmentadas,warning_too_many_components
1365.png,demasiados componentes/células segmentadas,warning_too_many_components
1366.png,demasiados componentes/células segmentadas,warning_too_many_components
1367.png,demasiados componentes/células segmentadas,warning_too_many_components
1368.png,demasiados componentes/células segmentadas,warning_too_many_components
1369.png,demasiados componentes/células segmentadas,warning_too_many_components
1370.png,demasiados componentes/células segmentadas,warning_too_many_components
1371.png,demasiados componentes/células segmentadas,warning_too_many_components
1372.png,demasiados componentes/células segmentadas,warning_too_many_components
1374.png,demasiados componentes/células segmentadas,warning_too_many_components
1376.png,demasiados componentes/células segmentadas,warning_too_many_components
1377.png,demasiados componentes/células segmentadas,warning_too_many_components
1378.png,demasiados componentes/células segmentadas,warning_too_many_components
1379.png,demasiados componentes/células segmentadas,warning_too_many_components
1383.png,demasiados componentes/células segmentadas,warning_too_many_components
1387.png,demasiados componentes/células segmentadas,warning_too_many_components
1388.png,demasiados componentes/células segmentadas,warning_too_many_components
1389.png,demasiados componentes/células segmentadas,warning_too_many_components
1390.png,demasiados componentes/células segmentadas,warning_too_many_components
1392.png,demasiados componentes/células segmentadas,warning_too_many_components
1393.png,demasiados componentes/células segmentadas,warning_too_many_components
1394.png,demasiados componentes/células segmentadas,warning_too_many_components
1395.png,demasiados componentes/células segmentadas,warning_too_many_components
1397.png,demasiados componentes/células segmentadas,warning_too_many_components
1398.png,demasiados componentes/células segmentadas,warning_too_many_components
1399.png,demasiados componentes/células segmentadas,warning_too_many_components
1400.png,demasiados componentes/células segmentadas,warning_too_many_components
1401.png,demasiados componentes/células segmentadas,warning_too_many_components
1402.png,demasiados componentes/células segmentadas,warning_too_many_components
1403.png,demasiados componentes/células segmentadas,warning_too_many_components
1404.png,demasiados componentes/células segmentadas,warning_too_many_components
1406.png,demasiados componentes/células segmentadas,warning_too_many_components
1407.png,demasiados componentes/células segmentadas,warning_too_many_components
1410.png,demasiados componentes/células segmentadas,warning_too_many_components
1411.png,demasiados componentes/células segmentadas,warning_too_many_components
1412.png,demasiados componentes/células segmentadas,warning_too_many_components
1413.png,demasiados componentes/células segmentadas,warning_too_many_components
1414.png,demasiados componentes/células segmentadas,warning_too_many_components
1415.png,demasiados componentes/células segmentadas,warning_too_many_components
1416.png,demasiados componentes/células segmentadas,warning_too_many_components
1417.png,demasiados componentes/células segmentadas,warning_too_many_components
1418.png,demasiados componentes/células segmentadas,warning_too_many_components
1420.png,demasiados componentes/células segmentadas,warning_too_many_components
1421.png,demasiados componentes/células segmentadas,warning_too_many_components
1423.png,demasiados componentes/células segmentadas,warning_too_many_components
1424.png,demasiados componentes/células segmentadas,warning_too_many_components
1425.png,demasiados componentes/células segmentadas,warning_too_many_components
1428.png,demasiados componentes/células segmentadas,warning_too_many_components
1429.png,demasiados componentes/células segmentadas,warning_too_many_components
1430.png,demasiados componentes/células segmentadas,warning_too_many_components
1431.png,demasiados componentes/células segmentadas,warning_too_many_components
1432.png,demasiados componentes/células segmentadas,warning_too_many_components
1437.png,demasiados componentes/células segmentadas,warning_too_many_components
1438.png,demasiados componentes/células segmentadas,warning_too_many_components
1444.png,demasiados componentes/células segmentadas,warning_too_many_components
1446.png,demasiados componentes/células segmentadas,warning_too_many_components
1447.png,demasiados componentes/células segmentadas,warning_too_many_components
1448.png,demasiados componentes/células segmentadas,warning_too_many_components
1449.png,demasiados componentes/células segmentadas,warning_too_many_components
1450.png,demasiados componentes/células segmentadas,warning_too_many_components
1452.png,demasiados componentes/células segmentadas,warning_too_many_components
1453.png,demasiados componentes/células segmentadas,warning_too_many_components
1454.png,demasiados componentes/células segmentadas,warning_too_many_components
1456.png,demasiados componentes/células segmentadas,warning_too_many_components
1457.png,demasiados componentes/células segmentadas,warning_too_many_components
1458.png,demasiados componentes/células segmentadas,warning_too_many_components
1460.png,demasiados componentes/células segmentadas,warning_too_many_components
1462.png,demasiados componentes/células segmentadas,warning_too_many_components
1463.png,demasiados componentes/células segmentadas,warning_too_many_components
1464.png,demasiados componentes/células segmentadas,warning_too_many_components
1466.png,demasiados componentes/células segmentadas,warning_too_many_components
1467.png,demasiados componentes/células segmentadas,warning_too_many_components
1470.png,demasiados componentes/células segmentadas,warning_too_many_components
1471.png,demasiados componentes/células segmentadas,warning_too_many_components
1472.png,demasiados componentes/células segmentadas,warning_too_many_components
1473.png,demasiados componentes/células segmentadas,warning_too_many_components
1476.png,demasiados componentes/células segmentadas,warning_too_many_components
1519.png,demasiados componentes/células segmentadas,warning_too_many_components
1549.png,demasiados componentes/células segmentadas,warning_too_many_components
1550.png,demasiados componentes/células segmentadas,warning_too_many_components
1552.png,demasiados componentes/células segmentadas,warning_too_many_components
1576.png,demasiados componentes/células segmentadas,warning_too_many_components
1577.png,demasiados componentes/células segmentadas,warning_too_many_components
1581.png,demasiados componentes/células segmentadas,warning_too_many_components
1584.png,demasiados componentes/células segmentadas,warning_too_many_components
1585.png,demasiados componentes/células segmentadas,warning_too_many_components
1586.png,demasiados componentes/células segmentadas,warning_too_many_components
1587.png,demasiados componentes/células segmentadas,warning_too_many_components
1588.png,demasiados componentes/células segmentadas,warning_too_many_components
1589.png,demasiados componentes/células segmentadas,warning_too_many_components
1590.png,demasiados componentes/células segmentadas,warning_too_many_components
1592.png,demasiados componentes/células segmentadas,warning_too_many_components
1593.png,demasiados componentes/células segmentadas,warning_too_many_components
1594.png,demasiados componentes/células segmentadas,warning_too_many_components
1595.png,demasiados componentes/células segmentadas,warning_too_many_components
1596.png,demasiados componentes/células segmentadas,warning_too_many_components
1597.png,demasiados componentes/células segmentadas,warning_too_many_components
1598.png,demasiados componentes/células segmentadas,warning_too_many_components
1599.png,demasiados componentes/células segmentadas,warning_too_many_components
1600.png,demasiados componentes/células segmentadas,warning_too_many_components
1601.png,demasiados componentes/células segmentadas,warning_too_many_components
1602.png,demasiados componentes/células segmentadas,warning_too_many_components
1603.png,demasiados componentes/células segmentadas,warning_too_many_components
1604.png,demasiados componentes/células segmentadas,warning_too_many_components
1606.png,demasiados componentes/células segmentadas,warning_too_many_components
1607.png,demasiados componentes/células segmentadas,warning_too_many_components
1608.png,demasiados componentes/células segmentadas,warning_too_many_components
1609.png,demasiados componentes/células segmentadas,warning_too_many_components
1610.png,demasiados componentes/células segmentadas,warning_too_many_components
1611.png,demasiados componentes/células segmentadas,warning_too_many_components
1613.png,demasiados componentes/células segmentadas,warning_too_many_components
1614.png,demasiados componentes/células segmentadas,warning_too_many_components
1615.png,demasiados componentes/células segmentadas,warning_too_many_components
1616.png,demasiados componentes/células segmentadas,warning_too_many_components
1617.png,demasiados componentes/células segmentadas,warning_too_many_components
1618.png,demasiados componentes/células segmentadas,warning_too_many_components
1619.png,demasiados componentes/células segmentadas,warning_too_many_components
1620.png,demasiados componentes/células segmentadas,warning_too_many_components
1621.png,demasiados componentes/células segmentadas,warning_too_many_components
1622.png,demasiados componentes/células segmentadas,warning_too_many_components
1623.png,demasiados componentes/células segmentadas,warning_too_many_components
1624.png,demasiados componentes/células segmentadas,warning_too_many_components
1625.png,demasiados componentes/células segmentadas,warning_too_many_components
1627.png,demasiados componentes/células segmentadas,warning_too_many_components
1628.png,demasiados componentes/células segmentadas,warning_too_many_components
1630.png,demasiados componentes/células segmentadas,warning_too_many_components
1631.png,demasiados componentes/células segmentadas,warning_too_many_components
1635.png,demasiados componentes/células segmentadas,warning_too_many_components
1637.png,demasiados componentes/células segmentadas,warning_too_many_components
1640.png,demasiados componentes/células segmentadas,warning_too_many_components
1641.png,demasiados componentes/células segmentadas,warning_too_many_components
1647.png,demasiados componentes/células segmentadas,warning_too_many_components
1649.png,demasiados componentes/células segmentadas,warning_too_many_components
1650.png,demasiados componentes/células segmentadas,warning_too_many_components
1657.png,demasiados componentes/células segmentadas,warning_too_many_components
1659.png,demasiados componentes/células segmentadas,warning_too_many_components
1660.png,demasiados componentes/células segmentadas,warning_too_many_components
1662.png,demasiados componentes/células segmentadas,warning_too_many_components
1664.png,demasiados componentes/células segmentadas,warning_too_many_components
1665.png,demasiados componentes/células segmentadas,warning_too_many_components
1667.png,demasiados componentes/células segmentadas,warning_too_many_components
1669.png,demasiados componentes/células segmentadas,warning_too_many_components
1671.png,demasiados componentes/células segmentadas,warning_too_many_components
1672.png,demasiados componentes/células segmentadas,warning_too_many_components
1673.png,demasiados componentes/células segmentadas,warning_too_many_components
1674.png,demasiados componentes/células segmentadas,warning_too_many_components
1675.png,demasiados componentes/células segmentadas,warning_too_many_components
1676.png,demasiados componentes/células segmentadas,warning_too_many_components
1677.png,demasiados componentes/células segmentadas,warning_too_many_components
1679.png,demasiados componentes/células segmentadas,warning_too_many_components
1680.png,demasiados componentes/células segmentadas,warning_too_many_components
1681.png,demasiados componentes/células segmentadas,warning_too_many_components
1682.png,demasiados componentes/células segmentadas,warning_too_many_components
1683.png,demasiados componentes/células segmentadas,warning_too_many_components
1684.png,demasiados componentes/células segmentadas,warning_too_many_components
1685.png,demasiados componentes/células segmentadas,warning_too_many_components
1686.png,demasiados componentes/células segmentadas,warning_too_many_components
1687.png,demasiados componentes/células segmentadas,warning_too_many_components
1688.png,demasiados componentes/células segmentadas,warning_too_many_components
1689.png,demasiados componentes/células segmentadas,warning_too_many_components
1691.png,demasiados componentes/células segmentadas,warning_too_many_components
1692.png,demasiados componentes/células segmentadas,warning_too_many_components
1693.png,demasiados componentes/células segmentadas,warning_too_many_components
1694.png,demasiados componentes/células segmentadas,warning_too_many_components
1697.png,demasiados componentes/células segmentadas,warning_too_many_components
1699.png,demasiados componentes/células segmentadas,warning_too_many_components
1700.png,demasiados componentes/células segmentadas,warning_too_many_components
1701.png,demasiados componentes/células segmentadas,warning_too_many_components
1704.png,demasiados componentes/células segmentadas,warning_too_many_components
1705.png,demasiados componentes/células segmentadas,warning_too_many_components
1706.png,demasiados componentes/células segmentadas,warning_too_many_components
1709.png,demasiados componentes/células segmentadas,warning_too_many_components
1712.png,demasiados componentes/células segmentadas,warning_too_many_components
1713.png,demasiados componentes/células segmentadas,warning_too_many_components
1714.png,demasiados componentes/células segmentadas,warning_too_many_components
1715.png,demasiados componentes/células segmentadas,warning_too_many_components
1716.png,demasiados componentes/células segmentadas,warning_too_many_components
1717.png,demasiados componentes/células segmentadas,warning_too_many_components
1718.png,demasiados componentes/células segmentadas,warning_too_many_components
1719.png,demasiados componentes/células segmentadas,warning_too_many_components
1720.png,demasiados componentes/células segmentadas,warning_too_many_components
1722.png,demasiados componentes/células segmentadas,warning_too_many_components
1724.png,demasiados componentes/células segmentadas,warning_too_many_components
1727.png,demasiados componentes/células segmentadas,warning_too_many_components
1728.png,demasiados componentes/células segmentadas,warning_too_many_components
1729.png,demasiados componentes/células segmentadas,warning_too_many_components
1730.png,demasiados componentes/células segmentadas,warning_too_many_components
1731.png,demasiados componentes/células segmentadas,warning_too_many_components
1732.png,demasiados componentes/células segmentadas,warning_too_many_components
1734.png,demasiados componentes/células segmentadas,warning_too_many_components
1735.png,demasiados componentes/células segmentadas,warning_too_many_components
1736.png,demasiados componentes/células segmentadas,warning_too_many_components
1740.png,demasiados componentes/células segmentadas,warning_too_many_components
1741.png,demasiados componentes/células segmentadas,warning_too_many_components
1742.png,demasiados componentes/células segmentadas,warning_too_many_components
1743.png,demasiados componentes/células segmentadas,warning_too_many_components
1746.png,demasiados componentes/células segmentadas,warning_too_many_components
1747.png,demasiados componentes/células segmentadas,warning_too_many_components
1749.png,demasiados componentes/células segmentadas,warning_too_many_components
1750.png,demasiados componentes/células segmentadas,warning_too_many_components
1752.png,demasiados componentes/células segmentadas,warning_too_many_components
1753.png,demasiados componentes/células segmentadas,warning_too_many_components
1754.png,demasiados componentes/células segmentadas,warning_too_many_components
1755.png,demasiados componentes/células segmentadas,warning_too_many_components
1756.png,demasiados componentes/células segmentadas,warning_too_many_components
1757.png,demasiados componentes/células segmentadas,warning_too_many_components
1762.png,demasiados componentes/células segmentadas,warning_too_many_components
1763.png,demasiados componentes/células segmentadas,warning_too_many_components
1765.png,demasiados componentes/células segmentadas,warning_too_many_components
1766.png,demasiados componentes/células segmentadas,warning_too_many_components
1768.png,demasiados componentes/células segmentadas,warning_too_many_components
1770.png,demasiados componentes/células segmentadas,warning_too_many_components
1771.png,demasiados componentes/células segmentadas,warning_too_many_components
1772.png,demasiados componentes/células segmentadas,warning_too_many_components
1773.png,demasiados componentes/células segmentadas,warning_too_many_components
1774.png,demasiados componentes/células segmentadas,warning_too_many_components
1776.png,demasiados componentes/células segmentadas,warning_too_many_components
1778.png,demasiados componentes/células segmentadas,warning_too_many_components
1779.png,demasiados componentes/células segmentadas,warning_too_many_components
1780.png,demasiados componentes/células segmentadas,warning_too_many_components
1781.png,demasiados componentes/células segmentadas,warning_too_many_components
1782.png,demasiados componentes/células segmentadas,warning_too_many_components
1783.png,demasiados componentes/células segmentadas,warning_too_many_components
1784.png,demasiados componentes/células segmentadas,warning_too_many_components
1787.png,demasiados componentes/células segmentadas,warning_too_many_components
1791.png,demasiados componentes/células segmentadas,warning_too_many_components
1792.png,demasiados componentes/células segmentadas,warning_too_many_components
1793.png,demasiados componentes/células segmentadas,warning_too_many_components
1795.png,demasiados componentes/células segmentadas,warning_too_many_components
1800.png,demasiados componentes/células segmentadas,warning_too_many_components
1801.png,demasiados componentes/células segmentadas,warning_too_many_components
1802.png,demasiados componentes/células segmentadas,warning_too_many_components
1803.png,demasiados componentes/células segmentadas,warning_too_many_components
1805.png,demasiados componentes/células segmentadas,warning_too_many_components
1807.png,demasiados componentes/células segmentadas,warning_too_many_components
1808.png,demasiados componentes/células segmentadas,warning_too_many_components
1810.png,demasiados componentes/células segmentadas,warning_too_many_components
1812.png,demasiados componentes/células segmentadas,warning_too_many_components
1813.png,demasiados componentes/células segmentadas,warning_too_many_components
1814.png,demasiados componentes/células segmentadas,warning_too_many_components
1815.png,demasiados componentes/células segmentadas,warning_too_many_components
1822.png,demasiados componentes/células segmentadas,warning_too_many_components
1823.png,demasiados componentes/células segmentadas,warning_too_many_components
1825.png,demasiados componentes/células segmentadas,warning_too_many_components
1826.png,demasiados componentes/células segmentadas,warning_too_many_components
1828.png,demasiados componentes/células segmentadas,warning_too_many_components
1830.png,demasiados componentes/células segmentadas,warning_too_many_components
1831.png,demasiados componentes/células segmentadas,warning_too_many_components
1833.png,demasiados componentes/células segmentadas,warning_too_many_components
1834.png,demasiados componentes/células segmentadas,warning_too_many_components
1835.png,demasiados componentes/células segmentadas,warning_too_many_components
1836.png,demasiados componentes/células segmentadas,warning_too_many_components
1837.png,demasiados componentes/células segmentadas,warning_too_many_components
1841.png,demasiados componentes/células segmentadas,warning_too_many_components
1842.png,demasiados componentes/células segmentadas,warning_too_many_components
1843.png,demasiados componentes/células segmentadas,warning_too_many_components
1845.png,demasiados componentes/células segmentadas,warning_too_many_components
1846.png,demasiados componentes/células segmentadas,warning_too_many_components
1847.png,demasiados componentes/células segmentadas,warning_too_many_components
1849.png,demasiados componentes/células segmentadas,warning_too_many_components
1850.png,demasiados componentes/células segmentadas,warning_too_many_components
1851.png,demasiados componentes/células segmentadas,warning_too_many_components
1854.png,demasiados componentes/células segmentadas,warning_too_many_components
1855.png,demasiados componentes/células segmentadas,warning_too_many_components
1856.png,demasiados componentes/células segmentadas,warning_too_many_components
1859.png,demasiados componentes/células segmentadas,warning_too_many_components
1863.png,demasiados componentes/células segmentadas,warning_too_many_components
1865.png,demasiados componentes/células segmentadas,warning_too_many_components
1866.png,demasiados componentes/células segmentadas,warning_too_many_components
1867.png,demasiados componentes/células segmentadas,warning_too_many_components
1868.png,demasiados componentes/células segmentadas,warning_too_many_components
1871.png,demasiados componentes/células segmentadas,warning_too_many_components
1872.png,demasiados componentes/células segmentadas,warning_too_many_components
1873.png,demasiados componentes/células segmentadas,warning_too_many_components
1874.png,demasiados componentes/células segmentadas,warning_too_many_components
1875.png,demasiados componentes/células segmentadas,warning_too_many_components
1876.png,demasiados componentes/células segmentadas,warning_too_many_components
1877.png,demasiados componentes/células segmentadas,warning_too_many_components
1879.png,demasiados componentes/células segmentadas,warning_too_many_components
1882.png,demasiados componentes/células segmentadas,warning_too_many_components
1883.png,demasiados componentes/células segmentadas,warning_too_many_components
1884.png,demasiados componentes/células segmentadas,warning_too_many_components
1885.png,demasiados componentes/células segmentadas,warning_too_many_components
1888.png,demasiados componentes/células segmentadas,warning_too_many_components
1889.png,demasiados componentes/células segmentadas,warning_too_many_components
1892.png,demasiados componentes/células segmentadas,warning_too_many_components
1893.png,demasiados componentes/células segmentadas,warning_too_many_components
1895.png,demasiados componentes/células segmentadas,warning_too_many_components
1896.png,demasiados componentes/células segmentadas,warning_too_many_components
1897.png,demasiados componentes/células segmentadas,warning_too_many_components
1898.png,demasiados componentes/células segmentadas,warning_too_many_components
1900.png,demasiados componentes/células segmentadas,warning_too_many_components
1901.png,demasiados componentes/células segmentadas,warning_too_many_components
1902.png,demasiados componentes/células segmentadas,warning_too_many_components
1903.png,demasiados componentes/células segmentadas,warning_too_many_components
1905.png,demasiados componentes/células segmentadas,warning_too_many_components
1909.png,demasiados componentes/células segmentadas,warning_too_many_components
1910.png,demasiados componentes/células segmentadas,warning_too_many_components
1911.png,demasiados componentes/células segmentadas,warning_too_many_components
1912.png,demasiados componentes/células segmentadas,warning_too_many_components
1913.png,demasiados componentes/células segmentadas,warning_too_many_components
1915.png,demasiados componentes/células segmentadas,warning_too_many_components
1916.png,demasiados componentes/células segmentadas,warning_too_many_components
1917.png,demasiados componentes/células segmentadas,warning_too_many_components
1918.png,demasiados componentes/células segmentadas,warning_too_many_components
1919.png,demasiados componentes/células segmentadas,warning_too_many_components
1920.png,demasiados componentes/células segmentadas,warning_too_many_components
1921.png,demasiados componentes/células segmentadas,warning_too_many_components
1922.png,demasiados componentes/células segmentadas,warning_too_many_components
1923.png,demasiados componentes/células segmentadas,warning_too_many_components
1924.png,demasiados componentes/células segmentadas,warning_too_many_components
1925.png,demasiados componentes/células segmentadas,warning_too_many_components
1927.png,demasiados componentes/células segmentadas,warning_too_many_components
1929.png,demasiados componentes/células segmentadas,warning_too_many_components
1931.png,demasiados componentes/células segmentadas,warning_too_many_components
1932.png,demasiados componentes/células segmentadas,warning_too_many_components
1933.png,demasiados componentes/células segmentadas,warning_too_many_components
1935.png,demasiados componentes/células segmentadas,warning_too_many_components
1936.png,demasiados componentes/células segmentadas,warning_too_many_components
1937.png,demasiados componentes/células segmentadas,warning_too_many_components
1938.png,demasiados componentes/células segmentadas,warning_too_many_components
1939.png,demasiados componentes/células segmentadas,warning_too_many_components
1940.png,demasiados componentes/células segmentadas,warning_too_many_components
1941.png,demasiados componentes/células segmentadas,warning_too_many_components
1942.png,demasiados componentes/células segmentadas,warning_too_many_components
1947.png,demasiados componentes/células segmentadas,warning_too_many_components
1948.png,demasiados componentes/células segmentadas,warning_too_many_components
1952.png,demasiados componentes/células segmentadas,warning_too_many_components
1954.png,demasiados componentes/células segmentadas,warning_too_many_components
1988.png,demasiados componentes/células segmentadas,warning_too_many_components
2004.png,demasiados componentes/células segmentadas,warning_too_many_components
2013.png,demasiados componentes/células segmentadas,warning_too_many_components
2015.png,demasiados componentes/células segmentadas,warning_too_many_components
2018.png,demasiados componentes/células segmentadas,warning_too_many_components
2019.png,demasiados componentes/células segmentadas,warning_too_many_components
2022.png,demasiados componentes/células segmentadas,warning_too_many_components
2025.png,demasiados componentes/células segmentadas,warning_too_many_components
2027.png,demasiados componentes/células segmentadas,warning_too_many_components
2033.png,demasiados componentes/células segmentadas,warning_too_many_components
2037.png,demasiados componentes/células segmentadas,warning_too_many_components
2040.png,demasiados componentes/células segmentadas,warning_too_many_components
2044.png,demasiados componentes/células segmentadas,warning_too_many_components
2046.png,demasiados componentes/células segmentadas,warning_too_many_components
2047.png,demasiados componentes/células segmentadas,warning_too_many_components
2048.png,demasiados componentes/células segmentadas,warning_too_many_components
2051.png,demasiados componentes/células segmentadas,warning_too_many_components
2053.png,demasiados componentes/células segmentadas,warning_too_many_components
2054.png,demasiados componentes/células segmentadas,warning_too_many_components
2055.png,demasiados componentes/células segmentadas,warning_too_many_components
2056.png,demasiados componentes/células segmentadas,warning_too_many_components
2057.png,demasiados componentes/células segmentadas,warning_too_many_components
2058.png,demasiados componentes/células segmentadas,warning_too_many_components
2060.png,demasiados componentes/células segmentadas,warning_too_many_components
2062.png,demasiados componentes/células segmentadas,warning_too_many_components
2071.png,demasiados componentes/células segmentadas,warning_too_many_components
2072.png,demasiados componentes/células segmentadas,warning_too_many_components
2073.png,demasiados componentes/células segmentadas,warning_too_many_components
2075.png,demasiados componentes/células segmentadas,warning_too_many_components
2076.png,demasiados componentes/células segmentadas,warning_too_many_components
2080.png,demasiados componentes/células segmentadas,warning_too_many_components
2081.png,demasiados componentes/células segmentadas,warning_too_many_components
2082.png,demasiados componentes/células segmentadas,warning_too_many_components
2083.png,demasiados componentes/células segmentadas,warning_too_many_components
2084.png,demasiados componentes/células segmentadas,warning_too_many_components
2086.png,demasiados componentes/células segmentadas,warning_too_many_components
2089.png,demasiados componentes/células segmentadas,warning_too_many_components
2091.png,demasiados componentes/células segmentadas,warning_too_many_components
2092.png,demasiados componentes/células segmentadas,warning_too_many_components
2093.png,demasiados componentes/células segmentadas,warning_too_many_components
2095.png,demasiados componentes/células segmentadas,warning_too_many_components
2097.png,demasiados componentes/células segmentadas,warning_too_many_components
2098.png,demasiados componentes/células segmentadas,warning_too_many_components
2099.png,demasiados componentes/células segmentadas,warning_too_many_components
2100.png,demasiados componentes/células segmentadas,warning_too_many_components
2101.png,demasiados componentes/células segmentadas,warning_too_many_components
2103.png,demasiados componentes/células segmentadas,warning_too_many_components
2104.png,demasiados componentes/células segmentadas,warning_too_many_components
2105.png,demasiados componentes/células segmentadas,warning_too_many_components
2106.png,demasiados componentes/células segmentadas,warning_too_many_components
2110.png,demasiados componentes/células segmentadas,warning_too_many_components
2112.png,demasiados componentes/células segmentadas,warning_too_many_components
2113.png,demasiados componentes/células segmentadas,warning_too_many_components
2114.png,demasiados componentes/células segmentadas,warning_too_many_components
2115.png,demasiados componentes/células segmentadas,warning_too_many_components
2116.png,demasiados componentes/células segmentadas,warning_too_many_components
2120.png,demasiados componentes/células segmentadas,warning_too_many_components
2121.png,demasiados componentes/células segmentadas,warning_too_many_components
2126.png,demasiados componentes/células segmentadas,warning_too_many_components
2127.png,demasiados componentes/células segmentadas,warning_too_many_components
2130.png,demasiados componentes/células segmentadas,warning_too_many_components
2135.png,demasiados componentes/células segmentadas,warning_too_many_components
2136.png,demasiados componentes/células segmentadas,warning_too_many_components
2138.png,demasiados componentes/células segmentadas,warning_too_many_components
2140.png,demasiados componentes/células segmentadas,warning_too_many_components
2141.png,demasiados componentes/células segmentadas,warning_too_many_components
2142.png,demasiados componentes/células segmentadas,warning_too_many_components
2145.png,demasiados componentes/células segmentadas,warning_too_many_components
2146.png,demasiados componentes/células segmentadas,warning_too_many_components
2147.png,demasiados componentes/células segmentadas,warning_too_many_components
2149.png,demasiados componentes/células segmentadas,warning_too_many_components
2152.png,demasiados componentes/células segmentadas,warning_too_many_components
2154.png,demasiados componentes/células segmentadas,warning_too_many_components
2155.png,demasiados componentes/células segmentadas,warning_too_many_components
2156.png,demasiados componentes/células segmentadas,warning_too_many_components
2159.png,demasiados componentes/células segmentadas,warning_too_many_components
2161.png,demasiados componentes/células segmentadas,warning_too_many_components
2163.png,demasiados componentes/células segmentadas,warning_too_many_components
2164.png,demasiados componentes/células segmentadas,warning_too_many_components
2165.png,demasiados componentes/células segmentadas,warning_too_many_components
2166.png,demasiados componentes/células segmentadas,warning_too_many_components
2167.png,demasiados componentes/células segmentadas,warning_too_many_components
2169.png,demasiados componentes/células segmentadas,warning_too_many_components
2171.png,demasiados componentes/células segmentadas,warning_too_many_components
2173.png,demasiados componentes/células segmentadas,warning_too_many_components
2175.png,demasiados componentes/células segmentadas,warning_too_many_components
2178.png,demasiados componentes/células segmentadas,warning_too_many_components
2179.png,demasiados componentes/células segmentadas,warning_too_many_components
2180.png,demasiados componentes/células segmentadas,warning_too_many_components
2181.png,demasiados componentes/células segmentadas,warning_too_many_components
2184.png,demasiados componentes/células segmentadas,warning_too_many_components
2189.png,demasiados componentes/células segmentadas,warning_too_many_components
2193.png,demasiados componentes/células segmentadas,warning_too_many_components
2195.png,demasiados componentes/células segmentadas,warning_too_many_components
2196.png,demasiados componentes/células segmentadas,warning_too_many_components
2200.png,demasiados componentes/células segmentadas,warning_too_many_components
2203.png,demasiados componentes/células segmentadas,warning_too_many_components
2206.png,demasiados componentes/células segmentadas,warning_too_many_components
2208.png,demasiados componentes/células segmentadas,warning_too_many_components
2209.png,demasiados componentes/células segmentadas,warning_too_many_components
2211.png,demasiados componentes/células segmentadas,warning_too_many_components
2214.png,demasiados componentes/células segmentadas,warning_too_many_components
2215.png,demasiados componentes/células segmentadas,warning_too_many_components
2216.png,demasiados componentes/células segmentadas,warning_too_many_components
2217.png,demasiados componentes/células segmentadas,warning_too_many_components
2222.png,demasiados componentes/células segmentadas,warning_too_many_components
2235.png,demasiados componentes/células segmentadas,warning_too_many_components
2236.png,demasiados componentes/células segmentadas,warning_too_many_components
2237.png,demasiados componentes/células segmentadas,warning_too_many_components
2239.png,demasiados componentes/células segmentadas,warning_too_many_components
2240.png,demasiados componentes/células segmentadas,warning_too_many_components
2243.png,demasiados componentes/células segmentadas,warning_too_many_components
2244.png,demasiados componentes/células segmentadas,warning_too_many_components
2246.png,demasiados componentes/células segmentadas,warning_too_many_components
2247.png,demasiados componentes/células segmentadas,warning_too_many_components
2248.png,demasiados componentes/células segmentadas,warning_too_many_components
2249.png,demasiados componentes/células segmentadas,warning_too_many_components
2250.png,demasiados componentes/células segmentadas,warning_too_many_components
2251.png,demasiados componentes/células segmentadas,warning_too_many_components
2255.png,demasiados componentes/células segmentadas,warning_too_many_components
2256.png,demasiados componentes/células segmentadas,warning_too_many_components
2257.png,demasiados componentes/células segmentadas,warning_too_many_components
2258.png,demasiados componentes/células segmentadas,warning_too_many_components
2259.png,demasiados componentes/células segmentadas,warning_too_many_components
2264.png,demasiados componentes/células segmentadas,warning_too_many_components
2266.png,demasiados componentes/células segmentadas,warning_too_many_components
2267.png,demasiados componentes/células segmentadas,warning_too_many_components
2268.png,demasiados componentes/células segmentadas,warning_too_many_components
2270.png,demasiados componentes/células segmentadas,warning_too_many_components
2274.png,demasiados componentes/células segmentadas,warning_too_many_components
2275.png,demasiados componentes/células segmentadas,warning_too_many_components
2276.png,demasiados componentes/células segmentadas,warning_too_many_components
2277.png,demasiados componentes/células segmentadas,warning_too_many_components
2279.png,demasiados componentes/células segmentadas,warning_too_many_components
2280.png,demasiados componentes/células segmentadas,warning_too_many_components
2282.png,demasiados componentes/células segmentadas,warning_too_many_components
2284.png,demasiados componentes/células segmentadas,warning_too_many_components
2287.png,demasiados componentes/células segmentadas,warning_too_many_components
2288.png,demasiados componentes/células segmentadas,warning_too_many_components
2289.png,demasiados componentes/células segmentadas,warning_too_many_components
2290.png,demasiados componentes/células segmentadas,warning_too_many_components
2291.png,demasiados componentes/células segmentadas,warning_too_many_components
2292.png,demasiados componentes/células segmentadas,warning_too_many_components
2294.png,demasiados componentes/células segmentadas,warning_too_many_components
2295.png,demasiados componentes/células segmentadas,warning_too_many_components
2296.png,demasiados componentes/células segmentadas,warning_too_many_components
2300.png,demasiados componentes/células segmentadas,warning_too_many_components
2302.png,demasiados componentes/células segmentadas,warning_too_many_components
2305.png,demasiados componentes/células segmentadas,warning_too_many_components
2306.png,demasiados componentes/células segmentadas,warning_too_many_components
2307.png,demasiados componentes/células segmentadas,warning_too_many_components
2309.png,demasiados componentes/células segmentadas,warning_too_many_components
2310.png,demasiados componentes/células segmentadas,warning_too_many_components
2313.png,demasiados componentes/células segmentadas,warning_too_many_components
2314.png,demasiados componentes/células segmentadas,warning_too_many_components
2316.png,demasiados componentes/células segmentadas,warning_too_many_components
2318.png,demasiados componentes/células segmentadas,warning_too_many_components
2319.png,demasiados componentes/células segmentadas,warning_too_many_components
2321.png,demasiados componentes/células segmentadas,warning_too_many_components
2323.png,demasiados componentes/células segmentadas,warning_too_many_components
2324.png,demasiados componentes/células segmentadas,warning_too_many_components
2326.png,demasiados componentes/células segmentadas,warning_too_many_components
2329.png,demasiados componentes/células segmentadas,warning_too_many_components
2330.png,demasiados componentes/células segmentadas,warning_too_many_components
2333.png,demasiados componentes/células segmentadas,warning_too_many_components
2334.png,demasiados componentes/células segmentadas,warning_too_many_components
2335.png,demasiados componentes/células segmentadas,warning_too_many_components
2337.png,demasiados componentes/células segmentadas,warning_too_many_components
2338.png,demasiados componentes/células segmentadas,warning_too_many_components
2339.png,demasiados componentes/células segmentadas,warning_too_many_components
2340.png,demasiados componentes/células segmentadas,warning_too_many_components
2342.png,demasiados componentes/células segmentadas,warning_too_many_components
2343.png,demasiados componentes/células segmentadas,warning_too_many_components
2344.png,demasiados componentes/células segmentadas,warning_too_many_components
2345.png,demasiados componentes/células segmentadas,warning_too_many_components
2346.png,demasiados componentes/células segmentadas,warning_too_many_components
2348.png,demasiados componentes/células segmentadas,warning_too_many_components
2352.png,demasiados componentes/células segmentadas,warning_too_many_components
2355.png,demasiados componentes/células segmentadas,warning_too_many_components
2357.png,demasiados componentes/células segmentadas,warning_too_many_components
2358.png,demasiados componentes/células segmentadas,warning_too_many_components
2359.png,demasiados componentes/células segmentadas,warning_too_many_components
2360.png,demasiados componentes/células segmentadas,warning_too_many_components
2361.png,demasiados componentes/células segmentadas,warning_too_many_components
2362.png,demasiados componentes/células segmentadas,warning_too_many_components
2363.png,demasiados componentes/células segmentadas,warning_too_many_components
2367.png,demasiados componentes/células segmentadas,warning_too_many_components
2368.png,demasiados componentes/células segmentadas,warning_too_many_components
2369.png,demasiados componentes/células segmentadas,warning_too_many_components
2370.png,demasiados componentes/células segmentadas,warning_too_many_components
2372.png,demasiados componentes/células segmentadas,warning_too_many_components
2373.png,demasiados componentes/células segmentadas,warning_too_many_components
2375.png,demasiados componentes/células segmentadas,warning_too_many_components
2376.png,demasiados componentes/células segmentadas,warning_too_many_components
2378.png,demasiados componentes/células segmentadas,warning_too_many_components
2381.png,demasiados componentes/células segmentadas,warning_too_many_components
2385.png,demasiados componentes/células segmentadas,warning_too_many_components
2386.png,demasiados componentes/células segmentadas,warning_too_many_components
2387.png,demasiados componentes/células segmentadas,warning_too_many_components
2388.png,demasiados componentes/células segmentadas,warning_too_many_components
2390.png,demasiados componentes/células segmentadas,warning_too_many_components
2392.png,demasiados componentes/células segmentadas,warning_too_many_components
2393.png,demasiados componentes/células segmentadas,warning_too_many_components
2395.png,demasiados componentes/células segmentadas,warning_too_many_components
2396.png,demasiados componentes/células segmentadas,warning_too_many_components
2397.png,demasiados componentes/células segmentadas,warning_too_many_components
2398.png,demasiados componentes/células segmentadas,warning_too_many_components
2400.png,demasiados componentes/células segmentadas,warning_too_many_components
2406.png,demasiados componentes/células segmentadas,warning_too_many_components
2407.png,demasiados componentes/células segmentadas,warning_too_many_components
2409.png,demasiados componentes/células segmentadas,warning_too_many_components
2410.png,demasiados componentes/células segmentadas,warning_too_many_components
2413.png,demasiados componentes/células segmentadas,warning_too_many_components
2414.png,demasiados componentes/células segmentadas,warning_too_many_components
2415.png,demasiados componentes/células segmentadas,warning_too_many_components
2416.png,demasiados componentes/células segmentadas,warning_too_many_components
2417.png,demasiados componentes/células segmentadas,warning_too_many_components
2421.png,demasiados componentes/células segmentadas,warning_too_many_components
2424.png,demasiados componentes/células segmentadas,warning_too_many_components
2429.png,demasiados componentes/células segmentadas,warning_too_many_components
2431.png,demasiados componentes/células segmentadas,warning_too_many_components
2437.png,demasiados componentes/células segmentadas,warning_too_many_components
2439.png,demasiados componentes/células segmentadas,warning_too_many_components
2441.png,demasiados componentes/células segmentadas,warning_too_many_components
2443.png,demasiados componentes/células segmentadas,warning_too_many_components
2449.png,demasiados componentes/células segmentadas,warning_too_many_components
2450.png,demasiados componentes/células segmentadas,warning_too_many_components
2458.png,demasiados componentes/células segmentadas,warning_too_many_components
2459.png,demasiados componentes/células segmentadas,warning_too_many_components
2460.png,demasiados componentes/células segmentadas,warning_too_many_components
2461.png,demasiados componentes/células segmentadas,warning_too_many_components
2462.png,demasiados componentes/células segmentadas,warning_too_many_components
2463.png,demasiados componentes/células segmentadas,warning_too_many_components
2470.png,demasiados componentes/células segmentadas,warning_too_many_components
2471.png,demasiados componentes/células segmentadas,warning_too_many_components
2479.png,demasiados componentes/células segmentadas,warning_too_many_components
2482.png,demasiados componentes/células segmentadas,warning_too_many_components
2483.png,demasiados componentes/células segmentadas,warning_too_many_components
2485.png,demasiados componentes/células segmentadas,warning_too_many_components
2493.png,demasiados componentes/células segmentadas,warning_too_many_components
2496.png,demasiados componentes/células segmentadas,warning_too_many_components
2500.png,demasiados componentes/células segmentadas,warning_too_many_components
2504.png,demasiados componentes/células segmentadas,warning_too_many_components
2510.png,demasiados componentes/células segmentadas,warning_too_many_components
2511.png,demasiados componentes/células segmentadas,warning_too_many_components
2513.png,demasiados componentes/células segmentadas,warning_too_many_components
2515.png,demasiados componentes/células segmentadas,warning_too_many_components
2518.png,demasiados componentes/células segmentadas,warning_too_many_components
2519.png,demasiados componentes/células segmentadas,warning_too_many_components
2520.png,demasiados componentes/células segmentadas,warning_too_many_components
2521.png,demasiados componentes/células segmentadas,warning_too_many_components
2522.png,demasiados componentes/células segmentadas,warning_too_many_components
2523.png,demasiados componentes/células segmentadas,warning_too_many_components
2524.png,demasiados componentes/células segmentadas,warning_too_many_components
2525.png,demasiados componentes/células segmentadas,warning_too_many_components
2526.png,demasiados componentes/células segmentadas,warning_too_many_components
2527.png,demasiados componentes/células segmentadas,warning_too_many_components
2529.png,demasiados componentes/células segmentadas,warning_too_many_components
2531.png,demasiados componentes/células segmentadas,warning_too_many_components
2533.png,demasiados componentes/células segmentadas,warning_too_many_components
2534.png,demasiados componentes/células segmentadas,warning_too_many_components
2535.png,demasiados componentes/células segmentadas,warning_too_many_components
2536.png,demasiados componentes/células segmentadas,warning_too_many_components
2537.png,demasiados componentes/células segmentadas,warning_too_many_components
2539.png,demasiados componentes/células segmentadas,warning_too_many_components
2545.png,demasiados componentes/células segmentadas,warning_too_many_components
2546.png,demasiados componentes/células segmentadas,warning_too_many_components
2547.png,demasiados componentes/células segmentadas,warning_too_many_components
2548.png,demasiados componentes/células segmentadas,warning_too_many_components
2549.png,demasiados componentes/células segmentadas,warning_too_many_components
2550.png,demasiados componentes/células segmentadas,warning_too_many_components
2551.png,demasiados componentes/células segmentadas,warning_too_many_components
2552.png,demasiados componentes/células segmentadas,warning_too_many_components
2553.png,demasiados componentes/células segmentadas,warning_too_many_components
2554.png,demasiados componentes/células segmentadas,warning_too_many_components
2557.png,demasiados componentes/células segmentadas,warning_too_many_components
2558.png,demasiados componentes/células segmentadas,warning_too_many_components
2559.png,demasiados componentes/células segmentadas,warning_too_many_components
2561.png,demasiados componentes/células segmentadas,warning_too_many_components
2563.png,demasiados componentes/células segmentadas,warning_too_many_components
2564.png,demasiados componentes/células segmentadas,warning_too_many_components
2565.png,demasiados componentes/células segmentadas,warning_too_many_components
2566.png,demasiados componentes/células segmentadas,warning_too_many_components
2567.png,demasiados componentes/células segmentadas,warning_too_many_components
2568.png,demasiados componentes/células segmentadas,warning_too_many_components
2569.png,demasiados componentes/células segmentadas,warning_too_many_components
2571.png,demasiados componentes/células segmentadas,warning_too_many_components
2573.png,demasiados componentes/células segmentadas,warning_too_many_components
2575.png,demasiados componentes/células segmentadas,warning_too_many_components
2576.png,demasiados componentes/células segmentadas,warning_too_many_components
2577.png,demasiados componentes/células segmentadas,warning_too_many_components
2579.png,demasiados componentes/células segmentadas,warning_too_many_components
2580.png,demasiados componentes/células segmentadas,warning_too_many_components
2581.png,demasiados componentes/células segmentadas,warning_too_many_components
2582.png,demasiados componentes/células segmentadas,warning_too_many_components
2583.png,demasiados componentes/células segmentadas,warning_too_many_components
2585.png,demasiados componentes/células segmentadas,warning_too_many_components
2589.png,demasiados componentes/células segmentadas,warning_too_many_components
2591.png,demasiados componentes/células segmentadas,warning_too_many_components
2593.png,demasiados componentes/células segmentadas,warning_too_many_components
2594.png,demasiados componentes/células segmentadas,warning_too_many_components
2597.png,demasiados componentes/células segmentadas,warning_too_many_components
2599.png,demasiados componentes/células segmentadas,warning_too_many_components
2602.png,demasiados componentes/células segmentadas,warning_too_many_components
2603.png,demasiados componentes/células segmentadas,warning_too_many_components
2604.png,demasiados componentes/células segmentadas,warning_too_many_components
2605.png,demasiados componentes/células segmentadas,warning_too_many_components
2607.png,demasiados componentes/células segmentadas,warning_too_many_components
2608.png,demasiados componentes/células segmentadas,warning_too_many_components
2609.png,demasiados componentes/células segmentadas,warning_too_many_components
2611.png,demasiados componentes/células segmentadas,warning_too_many_components
2613.png,demasiados componentes/células segmentadas,warning_too_many_components
2614.png,demasiados componentes/células segmentadas,warning_too_many_components
2615.png,demasiados componentes/células segmentadas,warning_too_many_components
2617.png,demasiados componentes/células segmentadas,warning_too_many_components
2618.png,demasiados componentes/células segmentadas,warning_too_many_components
2619.png,demasiados componentes/células segmentadas,warning_too_many_components
2621.png,demasiados componentes/células segmentadas,warning_too_many_components
2622.png,demasiados componentes/células segmentadas,warning_too_many_components
2623.png,demasiados componentes/células segmentadas,warning_too_many_components
2624.png,demasiados componentes/células segmentadas,warning_too_many_components
2625.png,demasiados componentes/células segmentadas,warning_too_many_components
2626.png,demasiados componentes/células segmentadas,warning_too_many_components
2627.png,demasiados componentes/células segmentadas,warning_too_many_components
2628.png,demasiados componentes/células segmentadas,warning_too_many_components
2631.png,demasiados componentes/células segmentadas,warning_too_many_components
2632.png,demasiados componentes/células segmentadas,warning_too_many_components
2633.png,demasiados componentes/células segmentadas,warning_too_many_components
2634.png,demasiados componentes/células segmentadas,warning_too_many_components
2635.png,demasiados componentes/células segmentadas,warning_too_many_components
2636.png,demasiados componentes/células segmentadas,warning_too_many_components
2638.png,demasiados componentes/células segmentadas,warning_too_many_components
2639.png,demasiados componentes/células segmentadas,warning_too_many_components
2640.png,demasiados componentes/células segmentadas,warning_too_many_components
2641.png,demasiados componentes/células segmentadas,warning_too_many_components
2642.png,demasiados componentes/células segmentadas,warning_too_many_components
2643.png,demasiados componentes/células segmentadas,warning_too_many_components
2644.png,demasiados componentes/células segmentadas,warning_too_many_components
2645.png,demasiados componentes/células segmentadas,warning_too_many_components
2646.png,demasiados componentes/células segmentadas,warning_too_many_components
2648.png,demasiados componentes/células segmentadas,warning_too_many_components
2649.png,demasiados componentes/células segmentadas,warning_too_many_components
2651.png,demasiados componentes/células segmentadas,warning_too_many_components
2652.png,demasiados componentes/células segmentadas,warning_too_many_components
2654.png,demasiados componentes/células segmentadas,warning_too_many_components
2655.png,demasiados componentes/células segmentadas,warning_too_many_components
2657.png,demasiados componentes/células segmentadas,warning_too_many_components
2658.png,demasiados componentes/células segmentadas,warning_too_many_components
2659.png,demasiados componentes/células segmentadas,warning_too_many_components
2667.png,demasiados componentes/células segmentadas,warning_too_many_components
2669.png,demasiados componentes/células segmentadas,warning_too_many_components
2672.png,demasiados componentes/células segmentadas,warning_too_many_components
2674.png,demasiados componentes/células segmentadas,warning_too_many_components
2676.png,demasiados componentes/células segmentadas,warning_too_many_components
2683.png,demasiados componentes/células segmentadas,warning_too_many_components
2687.png,demasiados componentes/células segmentadas,warning_too_many_components
2691.png,demasiados componentes/células segmentadas,warning_too_many_components
2692.png,demasiados componentes/células segmentadas,warning_too_many_components
2698.png,demasiados componentes/células segmentadas,warning_too_many_components
2700.png,demasiados componentes/células segmentadas,warning_too_many_components
2702.png,demasiados componentes/células segmentadas,warning_too_many_components
2709.png,demasiados componentes/células segmentadas,warning_too_many_components
2710.png,demasiados componentes/células segmentadas,warning_too_many_components
2711.png,demasiados componentes/células segmentadas,warning_too_many_components
2712.png,demasiados componentes/células segmentadas,warning_too_many_components
2715.png,demasiados componentes/células segmentadas,warning_too_many_components
2724.png,demasiados componentes/células segmentadas,warning_too_many_components
2730.png,demasiados componentes/células segmentadas,warning_too_many_components
2731.png,demasiados componentes/células segmentadas,warning_too_many_components
2732.png,demasiados componentes/células segmentadas,warning_too_many_components
2735.png,demasiados componentes/células segmentadas,warning_too_many_components
2739.png,demasiados componentes/células segmentadas,warning_too_many_components
2741.png,demasiados componentes/células segmentadas,warning_too_many_components
2743.png,demasiados componentes/células segmentadas,warning_too_many_components
2745.png,demasiados componentes/células segmentadas,warning_too_many_components
2747.png,demasiados componentes/células segmentadas,warning_too_many_components
2749.png,demasiados componentes/células segmentadas,warning_too_many_components
2751.png,demasiados componentes/células segmentadas,warning_too_many_components
2752.png,demasiados componentes/células segmentadas,warning_too_many_components
2753.png,demasiados componentes/células segmentadas,warning_too_many_components
2755.png,demasiados componentes/células segmentadas,warning_too_many_components
2757.png,demasiados componentes/células segmentadas,warning_too_many_components
2758.png,demasiados componentes/células segmentadas,warning_too_many_components
2759.png,demasiados componentes/células segmentadas,warning_too_many_components
2760.png,demasiados componentes/células segmentadas,warning_too_many_components
2761.png,demasiados componentes/células segmentadas,warning_too_many_components
2762.png,demasiados componentes/células segmentadas,warning_too_many_components
2763.png,demasiados componentes/células segmentadas,warning_too_many_components
2765.png,demasiados componentes/células segmentadas,warning_too_many_components
2766.png,demasiados componentes/células segmentadas,warning_too_many_components
2769.png,demasiados componentes/células segmentadas,warning_too_many_components
2773.png,demasiados componentes/células segmentadas,warning_too_many_components
2774.png,demasiados componentes/células segmentadas,warning_too_many_components
2775.png,demasiados componentes/células segmentadas,warning_too_many_components
2778.png,demasiados componentes/células segmentadas,warning_too_many_components
2779.png,demasiados componentes/células segmentadas,warning_too_many_components
2782.png,demasiados componentes/células segmentadas,warning_too_many_components
2783.png,demasiados componentes/células segmentadas,warning_too_many_components
2784.png,demasiados componentes/células segmentadas,warning_too_many_components
2787.png,demasiados componentes/células segmentadas,warning_too_many_components
2788.png,demasiados componentes/células segmentadas,warning_too_many_components
2790.png,demasiados componentes/células segmentadas,warning_too_many_components
2792.png,demasiados componentes/células segmentadas,warning_too_many_components
2793.png,demasiados componentes/células segmentadas,warning_too_many_components
2797.png,demasiados componentes/células segmentadas,warning_too_many_components
2800.png,demasiados componentes/células segmentadas,warning_too_many_components
2802.png,demasiados componentes/células segmentadas,warning_too_many_components
2809.png,demasiados componentes/células segmentadas,warning_too_many_components
2812.png,demasiados componentes/células segmentadas,warning_too_many_components
2819.png,demasiados componentes/células segmentadas,warning_too_many_components
2828.png,demasiados componentes/células segmentadas,warning_too_many_components
2830.png,demasiados componentes/células segmentadas,warning_too_many_components
2832.png,demasiados componentes/células segmentadas,warning_too_many_components
2834.png,demasiados componentes/células segmentadas,warning_too_many_components
2835.png,demasiados componentes/células segmentadas,warning_too_many_components
2836.png,demasiados componentes/células segmentadas,warning_too_many_components
2842.png,demasiados componentes/células segmentadas,warning_too_many_components
2844.png,demasiados componentes/células segmentadas,warning_too_many_components
2845.png,demasiados componentes/células segmentadas,warning_too_many_components
2846.png,demasiados componentes/células segmentadas,warning_too_many_components
2849.png,demasiados componentes/células segmentadas,warning_too_many_components
2851.png,demasiados componentes/células segmentadas,warning_too_many_components
2852.png,demasiados componentes/células segmentadas,warning_too_many_components
2853.png,demasiados componentes/células segmentadas,warning_too_many_components
2854.png,demasiados componentes/células segmentadas,warning_too_many_components
2855.png,demasiados componentes/células segmentadas,warning_too_many_components
2861.png,demasiados componentes/células segmentadas,warning_too_many_components
2862.png,demasiados componentes/células segmentadas,warning_too_many_components
2863.png,demasiados componentes/células segmentadas,warning_too_many_components
2865.png,demasiados componentes/células segmentadas,warning_too_many_components
2866.png,demasiados componentes/células segmentadas,warning_too_many_components
2870.png,demasiados componentes/células segmentadas,warning_too_many_components
2872.png,demasiados componentes/células segmentadas,warning_too_many_components
2873.png,demasiados componentes/células segmentadas,warning_too_many_components
2874.png,demasiados componentes/células segmentadas,warning_too_many_components
2875.png,demasiados componentes/células segmentadas,warning_too_many_components
2876.png,demasiados componentes/células segmentadas,warning_too_many_components
2877.png,demasiados componentes/células segmentadas,warning_too_many_components
2878.png,demasiados componentes/células segmentadas,warning_too_many_components
2879.png,demasiados componentes/células segmentadas,warning_too_many_components
2880.png,demasiados componentes/células segmentadas,warning_too_many_components
2881.png,demasiados componentes/células segmentadas,warning_too_many_components
2882.png,demasiados componentes/células segmentadas,warning_too_many_components
2883.png,demasiados componentes/células segmentadas,warning_too_many_components
2884.png,demasiados componentes/células segmentadas,warning_too_many_components
2885.png,demasiados componentes/células segmentadas,warning_too_many_components
2886.png,demasiados componentes/células segmentadas,warning_too_many_components
2887.png,demasiados componentes/células segmentadas,warning_too_many_components
2888.png,demasiados componentes/células segmentadas,warning_too_many_components
2892.png,demasiados componentes/células segmentadas,warning_too_many_components
2893.png,demasiados componentes/células segmentadas,warning_too_many_components
2894.png,demasiados componentes/células segmentadas,warning_too_many_components
2895.png,demasiados componentes/células segmentadas,warning_too_many_components
2899.png,demasiados componentes/células segmentadas,warning_too_many_components
2900.png,demasiados componentes/células segmentadas,warning_too_many_components
2901.png,demasiados componentes/células segmentadas,warning_too_many_components
2902.png,demasiados componentes/células segmentadas,warning_too_many_components
2904.png,demasiados componentes/células segmentadas,warning_too_many_components
2905.png,demasiados componentes/células segmentadas,warning_too_many_components
2906.png,demasiados componentes/células segmentadas,warning_too_many_components
2909.png,demasiados componentes/células segmentadas,warning_too_many_components
2910.png,demasiados componentes/células segmentadas,warning_too_many_components
2911.png,demasiados componentes/células segmentadas,warning_too_many_components
2913.png,demasiados componentes/células segmentadas,warning_too_many_components
2914.png,demasiados componentes/células segmentadas,warning_too_many_components
2915.png,demasiados componentes/células segmentadas,warning_too_many_components
2917.png,demasiados componentes/células segmentadas,warning_too_many_components
2918.png,demasiados componentes/células segmentadas,warning_too_many_components
2920.png,demasiados componentes/células segmentadas,warning_too_many_components
2921.png,demasiados componentes/células segmentadas,warning_too_many_components
2922.png,demasiados componentes/células segmentadas,warning_too_many_components
2923.png,demasiados componentes/células segmentadas,warning_too_many_components
2924.png,demasiados componentes/células segmentadas,warning_too_many_components
2925.png,demasiados componentes/células segmentadas,warning_too_many_components
2926.png,demasiados componentes/células segmentadas,warning_too_many_components
2929.png,demasiados componentes/células segmentadas,warning_too_many_components
2930.png,demasiados componentes/células segmentadas,warning_too_many_components
2931.png,demasiados componentes/células segmentadas,warning_too_many_components
2932.png,demasiados componentes/células segmentadas,warning_too_many_components
2933.png,demasiados componentes/células segmentadas,warning_too_many_components
2934.png,demasiados componentes/células segmentadas,warning_too_many_components
2935.png,demasiados componentes/células segmentadas,warning_too_many_components
2936.png,demasiados componentes/células segmentadas,warning_too_many_components
2938.png,demasiados componentes/células segmentadas,warning_too_many_components
2939.png,demasiados componentes/células segmentadas,warning_too_many_components
2941.png,demasiados componentes/células segmentadas,warning_too_many_components
2944.png,demasiados componentes/células segmentadas,warning_too_many_components
2945.png,demasiados componentes/células segmentadas,warning_too_many_components
2946.png,demasiados componentes/células segmentadas,warning_too_many_components
2947.png,demasiados componentes/células segmentadas,warning_too_many_components
2949.png,demasiados componentes/células segmentadas,warning_too_many_components
2951.png,demasiados componentes/células segmentadas,warning_too_many_components
2952.png,demasiados componentes/células segmentadas,warning_too_many_components
2953.png,demasiados componentes/células segmentadas,warning_too_many_components
2954.png,demasiados componentes/células segmentadas,warning_too_many_components
2961.png,demasiados componentes/células segmentadas,warning_too_many_components
2962.png,demasiados componentes/células segmentadas,warning_too_many_components
2963.png,demasiados componentes/células segmentadas,warning_too_many_components
2965.png,demasiados componentes/células segmentadas,warning_too_many_components
2966.png,demasiados componentes/células segmentadas,warning_too_many_components
2967.png,demasiados componentes/células segmentadas,warning_too_many_components
2969.png,demasiados componentes/células segmentadas,warning_too_many_components
2970.png,demasiados componentes/células segmentadas,warning_too_many_components
2973.png,demasiados componentes/células segmentadas,warning_too_many_components
2975.png,demasiados componentes/células segmentadas,warning_too_many_components
2976.png,demasiados componentes/células segmentadas,warning_too_many_components
2978.png,demasiados componentes/células segmentadas,warning_too_many_components
2979.png,demasiados componentes/células segmentadas,warning_too_many_components
2980.png,demasiados componentes/células segmentadas,warning_too_many_components
2983.png,demasiados componentes/células segmentadas,warning_too_many_components
2984.png,demasiados componentes/células segmentadas,warning_too_many_components
2986.png,demasiados componentes/células segmentadas,warning_too_many_components
2988.png,demasiados componentes/células segmentadas,warning_too_many_components
2990.png,demasiados componentes/células segmentadas,warning_too_many_components
2992.png,demasiados componentes/células segmentadas,warning_too_many_components
2994.png,demasiados componentes/células segmentadas,warning_too_many_components
2995.png,demasiados componentes/células segmentadas,warning_too_many_components
2996.png,demasiados componentes/células segmentadas,warning_too_many_components
2997.png,demasiados componentes/células segmentadas,warning_too_many_components
2998.png,demasiados componentes/células segmentadas,warning_too_many_components
2999.png,demasiados componentes/células segmentadas,warning_too_many_components
3000.png,demasiados componentes/células segmentadas,warning_too_many_components
3001.png,demasiados componentes/células segmentadas,warning_too_many_components
3002.png,demasiados componentes/células segmentadas,warning_too_many_components
3003.png,demasiados componentes/células segmentadas,warning_too_many_components
3004.png,demasiados componentes/células segmentadas,warning_too_many_components
3005.png,demasiados componentes/células segmentadas,warning_too_many_components
3007.png,demasiados componentes/células segmentadas,warning_too_many_components
3008.png,demasiados componentes/células segmentadas,warning_too_many_components
3009.png,demasiados componentes/células segmentadas,warning_too_many_components
3010.png,demasiados componentes/células segmentadas,warning_too_many_components
3011.png,demasiados componentes/células segmentadas,warning_too_many_components
3012.png,demasiados componentes/células segmentadas,warning_too_many_components
3013.png,demasiados componentes/células segmentadas,warning_too_many_components
3014.png,demasiados componentes/células segmentadas,warning_too_many_components
3015.png,demasiados componentes/células segmentadas,warning_too_many_components
3016.png,demasiados componentes/células segmentadas,warning_too_many_components
3017.png,demasiados componentes/células segmentadas,warning_too_many_components
3018.png,demasiados componentes/células segmentadas,warning_too_many_components
3019.png,demasiados componentes/células segmentadas,warning_too_many_components
3020.png,demasiados componentes/células segmentadas,warning_too_many_components
3021.png,demasiados componentes/células segmentadas,warning_too_many_components
3022.png,demasiados componentes/células segmentadas,warning_too_many_components
3023.png,demasiados componentes/células segmentadas,warning_too_many_components
3024.png,demasiados componentes/células segmentadas,warning_too_many_components
3025.png,demasiados componentes/células segmentadas,warning_too_many_components
3026.png,demasiados componentes/células segmentadas,warning_too_many_components
3027.png,demasiados componentes/células segmentadas,warning_too_many_components
3028.png,demasiados componentes/células segmentadas,warning_too_many_components
3029.png,demasiados componentes/células segmentadas,warning_too_many_components
3031.png,demasiados componentes/células segmentadas,warning_too_many_components
3032.png,demasiados componentes/células segmentadas,warning_too_many_components
3033.png,demasiados componentes/células segmentadas,warning_too_many_components
3034.png,demasiados componentes/células segmentadas,warning_too_many_components
3035.png,demasiados componentes/células segmentadas,warning_too_many_components
3036.png,demasiados componentes/células segmentadas,warning_too_many_components
3037.png,demasiados componentes/células segmentadas,warning_too_many_components
3038.png,demasiados componentes/células segmentadas,warning_too_many_components
3039.png,demasiados componentes/células segmentadas,warning_too_many_components
3043.png,demasiados componentes/células segmentadas,warning_too_many_components
3044.png,demasiados componentes/células segmentadas,warning_too_many_components
3045.png,demasiados componentes/células segmentadas,warning_too_many_components
3047.png,demasiados componentes/células segmentadas,warning_too_many_components
3056.png,demasiados componentes/células segmentadas,warning_too_many_components
3057.png,demasiados componentes/células segmentadas,warning_too_many_components
3058.png,demasiados componentes/células segmentadas,warning_too_many_components
3062.png,demasiados componentes/células segmentadas,warning_too_many_components
3063.png,demasiados componentes/células segmentadas,warning_too_many_components
3066.png,demasiados componentes/células segmentadas,warning_too_many_components
3070.png,demasiados componentes/células segmentadas,warning_too_many_components
3072.png,demasiados componentes/células segmentadas,warning_too_many_components
3076.png,demasiados componentes/células segmentadas,warning_too_many_components
3078.png,demasiados componentes/células segmentadas,warning_too_many_components
3079.png,demasiados componentes/células segmentadas,warning_too_many_components
3080.png,demasiados componentes/células segmentadas,warning_too_many_components
3081.png,demasiados componentes/células segmentadas,warning_too_many_components
3084.png,demasiados componentes/células segmentadas,warning_too_many_components
3089.png,demasiados componentes/células segmentadas,warning_too_many_components
3092.png,demasiados componentes/células segmentadas,warning_too_many_components
3095.png,demasiados componentes/células segmentadas,warning_too_many_components
3097.png,demasiados componentes/células segmentadas,warning_too_many_components
3102.png,demasiados componentes/células segmentadas,warning_too_many_components
3104.png,demasiados componentes/células segmentadas,warning_too_many_components
3106.png,demasiados componentes/células segmentadas,warning_too_many_components
3107.png,demasiados componentes/células segmentadas,warning_too_many_components
3109.png,demasiados componentes/células segmentadas,warning_too_many_components
3112.png,demasiados componentes/células segmentadas,warning_too_many_components
3113.png,demasiados componentes/células segmentadas,warning_too_many_components
3114.png,demasiados componentes/células segmentadas,warning_too_many_components
3115.png,demasiados componentes/células segmentadas,warning_too_many_components
3118.png,demasiados componentes/células segmentadas,warning_too_many_components
3120.png,demasiados componentes/células segmentadas,warning_too_many_components
3122.png,demasiados componentes/células segmentadas,warning_too_many_components
3123.png,demasiados componentes/células segmentadas,warning_too_many_components
3135.png,demasiados componentes/células segmentadas,warning_too_many_components
3145.png,demasiados componentes/células segmentadas,warning_too_many_components
3166.png,demasiados componentes/células segmentadas,warning_too_many_components
3175.png,demasiados componentes/células segmentadas,warning_too_many_components
3188.png,demasiados componentes/células segmentadas,warning_too_many_components
3198.png,demasiados componentes/células segmentadas,warning_too_many_components
3227.png,demasiados componentes/células segmentadas,warning_too_many_components
3251.png,demasiados componentes/células segmentadas,warning_too_many_components
3277.png,demasiados componentes/células segmentadas,warning_too_many_components
3284.png,demasiados componentes/células segmentadas,warning_too_many_components
3288.png,demasiados componentes/células segmentadas,warning_too_many_components
3297.png,demasiados componentes/células segmentadas,warning_too_many_components
3322.png,demasiados componentes/células segmentadas,warning_too_many_components
3323.png,demasiados componentes/células segmentadas,warning_too_many_components
3338.png,demasiados componentes/células segmentadas,warning_too_many_components
3339.png,demasiados componentes/células segmentadas,warning_too_many_components
3340.png,demasiados componentes/células segmentadas,warning_too_many_components
3341.png,demasiados componentes/células segmentadas,warning_too_many_components
3343.png,demasiados componentes/células segmentadas,warning_too_many_components
3345.png,demasiados componentes/células segmentadas,warning_too_many_components
3346.png,demasiados componentes/células segmentadas,warning_too_many_components
3348.png,demasiados componentes/células segmentadas,warning_too_many_components
3349.png,demasiados componentes/células segmentadas,warning_too_many_components
3350.png,demasiados componentes/células segmentadas,warning_too_many_components
3352.png,demasiados componentes/células segmentadas,warning_too_many_components
3353.png,demasiados componentes/células segmentadas,warning_too_many_components
3354.png,demasiados componentes/células segmentadas,warning_too_many_components
3355.png,demasiados componentes/células segmentadas,warning_too_many_components
3356.png,demasiados componentes/células segmentadas,warning_too_many_components
3359.png,demasiados componentes/células segmentadas,warning_too_many_components
3360.png,demasiados componentes/células segmentadas,warning_too_many_components
3361.png,demasiados componentes/células segmentadas,warning_too_many_components
3362.png,demasiados componentes/células segmentadas,warning_too_many_components
3363.png,demasiados componentes/células segmentadas,warning_too_many_components
3365.png,demasiados componentes/células segmentadas,warning_too_many_components
3366.png,demasiados componentes/células segmentadas,warning_too_many_components
3370.png,demasiados componentes/células segmentadas,warning_too_many_components
3372.png,demasiados componentes/células segmentadas,warning_too_many_components
3373.png,demasiados componentes/células segmentadas,warning_too_many_components
3374.png,demasiados componentes/células segmentadas,warning_too_many_components
3376.png,demasiados componentes/células segmentadas,warning_too_many_components
3378.png,demasiados componentes/células segmentadas,warning_too_many_components
3379.png,demasiados componentes/células segmentadas,warning_too_many_components
3380.png,demasiados componentes/células segmentadas,warning_too_many_components
3381.png,demasiados componentes/células segmentadas,warning_too_many_components
3383.png,demasiados componentes/células segmentadas,warning_too_many_components
3384.png,demasiados componentes/células segmentadas,warning_too_many_components
3385.png,demasiados componentes/células segmentadas,warning_too_many_components
3386.png,demasiados componentes/células segmentadas,warning_too_many_components
3387.png,demasiados componentes/células segmentadas,warning_too_many_components
3388.png,demasiados componentes/células segmentadas,warning_too_many_components
3389.png,demasiados componentes/células segmentadas,warning_too_many_components
3390.png,demasiados componentes/células segmentadas,warning_too_many_components
3391.png,demasiados componentes/células segmentadas,warning_too_many_components
3392.png,demasiados componentes/células segmentadas,warning_too_many_components
3394.png,demasiados componentes/células segmentadas,warning_too_many_components
3395.png,demasiados componentes/células segmentadas,warning_too_many_components
3396.png,demasiados componentes/células segmentadas,warning_too_many_components
3400.png,demasiados componentes/células segmentadas,warning_too_many_components
3403.png,demasiados componentes/células segmentadas,warning_too_many_components
3404.png,demasiados componentes/células segmentadas,warning_too_many_components
3405.png,demasiados componentes/células segmentadas,warning_too_many_components
3406.png,demasiados componentes/células segmentadas,warning_too_many_components
3407.png,demasiados componentes/células segmentadas,warning_too_many_components
3408.png,demasiados componentes/células segmentadas,warning_too_many_components
3409.png,demasiados componentes/células segmentadas,warning_too_many_components
3412.png,demasiados componentes/células segmentadas,warning_too_many_components
3413.png,demasiados componentes/células segmentadas,warning_too_many_components
3414.png,demasiados componentes/células segmentadas,warning_too_many_components
3415.png,demasiados componentes/células segmentadas,warning_too_many_components
3416.png,demasiados componentes/células segmentadas,warning_too_many_components
3419.png,demasiados componentes/células segmentadas,warning_too_many_components
3420.png,demasiados componentes/células segmentadas,warning_too_many_components
3422.png,demasiados componentes/células segmentadas,warning_too_many_components
3423.png,demasiados componentes/células segmentadas,warning_too_many_components
3424.png,demasiados componentes/células segmentadas,warning_too_many_components
3425.png,demasiados componentes/células segmentadas,warning_too_many_components
3426.png,demasiados componentes/células segmentadas,warning_too_many_components
3427.png,demasiados componentes/células segmentadas,warning_too_many_components
3428.png,demasiados componentes/células segmentadas,warning_too_many_components
3430.png,demasiados componentes/células segmentadas,warning_too_many_components
3431.png,demasiados componentes/células segmentadas,warning_too_many_components
3433.png,demasiados componentes/células segmentadas,warning_too_many_components
3434.png,demasiados componentes/células segmentadas,warning_too_many_components
3435.png,demasiados componentes/células segmentadas,warning_too_many_components
3436.png,demasiados componentes/células segmentadas,warning_too_many_components
3437.png,demasiados componentes/células segmentadas,warning_too_many_components
3438.png,demasiados componentes/células segmentadas,warning_too_many_components
3439.png,demasiados componentes/células segmentadas,warning_too_many_components
3440.png,demasiados componentes/células segmentadas,warning_too_many_components
3441.png,demasiados componentes/células segmentadas,warning_too_many_components
3443.png,demasiados componentes/células segmentadas,warning_too_many_components
3450.png,demasiados componentes/células segmentadas,warning_too_many_components
3451.png,demasiados componentes/células segmentadas,warning_too_many_components
3456.png,demasiados componentes/células segmentadas,warning_too_many_components
3462.png,demasiados componentes/células segmentadas,warning_too_many_components
3470.png,demasiados componentes/células segmentadas,warning_too_many_components
3471.png,demasiados componentes/células segmentadas,warning_too_many_components
3485.png,demasiados componentes/células segmentadas,warning_too_many_components
3492.png,demasiados componentes/células segmentadas,warning_too_many_components
3493.png,demasiados componentes/células segmentadas,warning_too_many_components
3497.png,demasiados componentes/células segmentadas,warning_too_many_components
3498.png,demasiados componentes/células segmentadas,warning_too_many_components
3508.png,demasiados componentes/células segmentadas,warning_too_many_components
3509.png,demasiados componentes/células segmentadas,warning_too_many_components
3511.png,demasiados componentes/células segmentadas,warning_too_many_components
3513.png,demasiados componentes/células segmentadas,warning_too_many_components
3516.png,demasiados componentes/células segmentadas,warning_too_many_components
3520.png,demasiados componentes/células segmentadas,warning_too_many_components
3521.png,demasiados componentes/células segmentadas,warning_too_many_components
3523.png,demasiados componentes/células segmentadas,warning_too_many_components
3524.png,demasiados componentes/células segmentadas,warning_too_many_components
3528.png,demasiados componentes/células segmentadas,warning_too_many_components
3529.png,demasiados componentes/células segmentadas,warning_too_many_components
3530.png,demasiados componentes/células segmentadas,warning_too_many_components
3532.png,demasiados componentes/células segmentadas,warning_too_many_components
3534.png,demasiados componentes/células segmentadas,warning_too_many_components
3536.png,demasiados componentes/células segmentadas,warning_too_many_components
3538.png,demasiados componentes/células segmentadas,warning_too_many_components
3539.png,demasiados componentes/células segmentadas,warning_too_many_components
3541.png,demasiados componentes/células segmentadas,warning_too_many_components
3544.png,demasiados componentes/células segmentadas,warning_too_many_components
3546.png,demasiados componentes/células segmentadas,warning_too_many_components
3549.png,demasiados componentes/células segmentadas,warning_too_many_components
3550.png,demasiados componentes/células segmentadas,warning_too_many_components
3552.png,demasiados componentes/células segmentadas,warning_too_many_components
3553.png,demasiados componentes/células segmentadas,warning_too_many_components
3558.png,demasiados componentes/células segmentadas,warning_too_many_components
3560.png,demasiados componentes/células segmentadas,warning_too_many_components
3562.png,demasiados componentes/células segmentadas,warning_too_many_components
3563.png,demasiados componentes/células segmentadas,warning_too_many_components
3565.png,demasiados componentes/células segmentadas,warning_too_many_components
3566.png,demasiados componentes/células segmentadas,warning_too_many_components
3569.png,demasiados componentes/células segmentadas,warning_too_many_components
3570.png,demasiados componentes/células segmentadas,warning_too_many_components
3571.png,demasiados componentes/células segmentadas,warning_too_many_components
3572.png,demasiados componentes/células segmentadas,warning_too_many_components
3576.png,demasiados componentes/células segmentadas,warning_too_many_components
3577.png,demasiados componentes/células segmentadas,warning_too_many_components
3578.png,demasiados componentes/células segmentadas,warning_too_many_components
3579.png,demasiados componentes/células segmentadas,warning_too_many_components
3580.png,demasiados componentes/células segmentadas,warning_too_many_components
3581.png,demasiados componentes/células segmentadas,warning_too_many_components
3582.png,demasiados componentes/células segmentadas,warning_too_many_components
3583.png,demasiados componentes/células segmentadas,warning_too_many_components
3587.png,demasiados componentes/células segmentadas,warning_too_many_components
3589.png,demasiados componentes/células segmentadas,warning_too_many_components
3590.png,demasiados componentes/células segmentadas,warning_too_many_components
3591.png,demasiados componentes/células segmentadas,warning_too_many_components
3593.png,demasiados componentes/células segmentadas,warning_too_many_components
3594.png,demasiados componentes/células segmentadas,warning_too_many_components
3596.png,demasiados componentes/células segmentadas,warning_too_many_components
3597.png,demasiados componentes/células segmentadas,warning_too_many_components
3599.png,demasiados componentes/células segmentadas,warning_too_many_components
3600.png,demasiados componentes/células segmentadas,warning_too_many_components
3606.png,demasiados componentes/células segmentadas,warning_too_many_components
3607.png,demasiados componentes/células segmentadas,warning_too_many_components
3608.png,demasiados componentes/células segmentadas,warning_too_many_components
3609.png,demasiados componentes/células segmentadas,warning_too_many_components
3615.png,demasiados componentes/células segmentadas,warning_too_many_components
3617.png,demasiados componentes/células segmentadas,warning_too_many_components
3623.png,demasiados componentes/células segmentadas,warning_too_many_components
3624.png,demasiados componentes/células segmentadas,warning_too_many_components
3625.png,demasiados componentes/células segmentadas,warning_too_many_components
3627.png,demasiados componentes/células segmentadas,warning_too_many_components
3629.png,demasiados componentes/células segmentadas,warning_too_many_components
3632.png,demasiados componentes/células segmentadas,warning_too_many_components
3635.png,demasiados componentes/células segmentadas,warning_too_many_components
3640.png,demasiados componentes/células segmentadas,warning_too_many_components
3642.png,demasiados componentes/células segmentadas,warning_too_many_components
3644.png,demasiados componentes/células segmentadas,warning_too_many_components
3646.png,demasiados componentes/células segmentadas,warning_too_many_components
3744.png,demasiados componentes/células segmentadas,warning_too_many_components
3838.png,demasiados componentes/células segmentadas,warning_too_many_components
3944.png,demasiados componentes/células segmentadas,warning_too_many_components
4238.png,demasiados componentes/células segmentadas,warning_too_many_components
4251.png,demasiados componentes/células segmentadas,warning_too_many_components
4300.png,demasiados componentes/células segmentadas,warning_too_many_components
4311.png,demasiados componentes/células segmentadas,warning_too_many_components
4356.png,demasiados componentes/células segmentadas,warning_too_many_components
4379.png,demasiados componentes/células segmentadas,warning_too_many_components
4419.png,demasiados componentes/células segmentadas,warning_too_many_components
4421.png,demasiados componentes/células segmentadas,warning_too_many_components
4683.png,demasiados componentes/células segmentadas,warning_too_many_components
4687.png,demasiados componentes/células segmentadas,warning_too_many_components
4705.png,demasiados componentes/células segmentadas,warning_too_many_components
4720.png,demasiados componentes/células segmentadas,warning_too_many_components
4725.png,demasiados componentes/células segmentadas,warning_too_many_components
4735.png,demasiados componentes/células segmentadas,warning_too_many_components
4743.png,demasiados componentes/células segmentadas,warning_too_many_components
4762.png,demasiados componentes/células segmentadas,warning_too_many_components
4778.png,demasiados componentes/células segmentadas,warning_too_many_components
4779.png,demasiados componentes/células segmentadas,warning_too_many_components
4788.png,demasiados componentes/células segmentadas,warning_too_many_components
4803.png,demasiados componentes/células segmentadas,warning_too_many_components
4807.png,demasiados componentes/células segmentadas,warning_too_many_components
4815.png,demasiados componentes/células segmentadas,warning_too_many_components
4819.png,demasiados componentes/células segmentadas,warning_too_many_components
4829.png,demasiados componentes/células segmentadas,warning_too_many_components
4830.png,demasiados componentes/células segmentadas,warning_too_many_components
4839.png,demasiados componentes/células segmentadas,warning_too_many_components
4844.png,demasiados componentes/células segmentadas,warning_too_many_components
4846.png,demasiados componentes/células segmentadas,warning_too_many_components
4877.png,demasiados componentes/células segmentadas,warning_too_many_components
4883.png,demasiados componentes/células segmentadas,warning_too_many_components
4921.png,demasiados componentes/células segmentadas,warning_too_many_components
4934.png,demasiados componentes/células segmentadas,warning_too_many_components
4944.png,demasiados componentes/células segmentadas,warning_too_many_components
4946.png,demasiados componentes/células segmentadas,warning_too_many_components
5125.png,demasiados componentes/células segmentadas,warning_too_many_components
5156.png,demasiados componentes/células segmentadas,warning_too_many_components
5249.png,demasiados componentes/células segmentadas,warning_too_many_components
5336.png,demasiados componentes/células segmentadas,warning_too_many_components
5375.png,demasiados componentes/células segmentadas,warning_too_many_components
5467.png,demasiados componentes/células segmentadas,warning_too_many_components
5508.png,demasiados componentes/células segmentadas,warning_too_many_components
5662.png,demasiados componentes/células segmentadas,warning_too_many_components
5688.png,demasiados componentes/células segmentadas,warning_too_many_components
5692.png,demasiados componentes/células segmentadas,warning_too_many_components
5694.png,demasiados componentes/células segmentadas,warning_too_many_components
5700.png,demasiados componentes/células segmentadas,warning_too_many_components
5705.png,demasiados componentes/células segmentadas,warning_too_many_components
5719.png,demasiados componentes/células segmentadas,warning_too_many_components
5813.png,demasiados componentes/células segmentadas,warning_too_many_components
5853.png,demasiados componentes/células segmentadas,warning_too_many_components
5870.png,demasiados componentes/células segmentadas,warning_too_many_components
5932.png,demasiados componentes/células segmentadas,warning_too_many_components
5982.png,demasiados componentes/células segmentadas,warning_too_many_components
6052.png,demasiados componentes/células segmentadas,warning_too_many_components
6232.png,demasiados componentes/células segmentadas,warning_too_many_components
6331.png,demasiados componentes/células segmentadas,warning_too_many_components
6340.png,demasiados componentes/células segmentadas,warning_too_many_components
6341.png,demasiados componentes/células segmentadas,warning_too_many_components
6342.png,demasiados componentes/células segmentadas,warning_too_many_components
6366.png,demasiados componentes/células segmentadas,warning_too_many_components
6381.png,demasiados componentes/células segmentadas,warning_too_many_components
6520.png,demasiados componentes/células segmentadas,warning_too_many_components
6527.png,demasiados componentes/células segmentadas,warning_too_many_components
6619.png,demasiados componentes/células segmentadas,warning_too_many_components
6658.png,demasiados componentes/células segmentadas,warning_too_many_components
6734.png,demasiados componentes/células segmentadas,warning_too_many_components
6746.png,demasiados componentes/células segmentadas,warning_too_many_components
6757.png,demasiados componentes/células segmentadas,warning_too_many_components
7107.png,demasiados componentes/células segmentadas,warning_too_many_components
7126.png,demasiados componentes/células segmentadas,warning_too_many_components
7175.png,demasiados componentes/células segmentadas,warning_too_many_components
7176.png,demasiados componentes/células segmentadas,warning_too_many_components
7184.png,demasiados componentes/células segmentadas,warning_too_many_components
7188.png,demasiados componentes/células segmentadas,warning_too_many_components
7190.png,demasiados componentes/células segmentadas,warning_too_many_components
7194.png,demasiados componentes/células segmentadas,warning_too_many_components
7201.png,demasiados componentes/células segmentadas,warning_too_many_components
7204.png,demasiados componentes/células segmentadas,warning_too_many_components
7208.png,demasiados componentes/células segmentadas,warning_too_many_components
7209.png,demasiados componentes/células segmentadas,warning_too_many_components
7211.png,demasiados componentes/células segmentadas,warning_too_many_components
7212.png,demasiados componentes/células segmentadas,warning_too_many_components
7214.png,demasiados componentes/células segmentadas,warning_too_many_components
7217.png,demasiados componentes/células segmentadas,warning_too_many_components
7221.png,demasiados componentes/células segmentadas,warning_too_many_components
7269.png,demasiados componentes/células segmentadas,warning_too_many_components
7300.png,demasiados componentes/células segmentadas,warning_too_many_components
7308.png,demasiados componentes/células segmentadas,warning_too_many_components
7421.png,demasiados componentes/células segmentadas,warning_too_many_components
7511.png,demasiados componentes/células segmentadas,warning_too_many_components
7828.png,demasiados componentes/células segmentadas,warning_too_many_components
7992.png,demasiados componentes/células segmentadas,warning_too_many_components
8104.png,demasiados componentes/células segmentadas,warning_too_many_components
8107.png,demasiados componentes/células segmentadas,warning_too_many_components
8183.png,demasiados componentes/células segmentadas,warning_too_many_components
8383.png,demasiados componentes/células segmentadas,warning_too_many_components
9443.png,demasiados componentes/células segmentadas,warning_too_many_components
9461.png,demasiados componentes/células segmentadas,warning_too_many_components
9565.png,demasiados componentes/células segmentadas,warning_too_many_components
9622.png,demasiados componentes/células segmentadas,warning_too_many_components
9627.png,demasiados componentes/células segmentadas,warning_too_many_components
9634.png,demasiados componentes/células segmentadas,warning_too_many_components
9638.png,demasiados componentes/células segmentadas,warning_too_many_components
9642.png,demasiados componentes/células segmentadas,warning_too_many_components
9649.png,demasiados componentes/células segmentadas,warning_too_many_components
9650.png,demasiados componentes/células segmentadas,warning_too_many_components
9653.png,demasiados componentes/células segmentadas,warning_too_many_components
9654.png,demasiados componentes/células segmentadas,warning_too_many_components
9659.png,demasiados componentes/células segmentadas,warning_too_many_components
9662.png,demasiados componentes/células segmentadas,warning_too_many_components
9664.png,demasiados componentes/células segmentadas,warning_too_many_components
9667.png,demasiados componentes/células segmentadas,warning_too_many_components
9671.png,demasiados componentes/células segmentadas,warning_too_many_components
9682.png,demasiados componentes/células segmentadas,warning_too_many_components
9683.png,demasiados componentes/células segmentadas,warning_too_many_components
9686.png,demasiados componentes/células segmentadas,warning_too_many_components
9803.png,demasiados componentes/células segmentadas,warning_too_many_components
9835.png,demasiados componentes/células segmentadas,warning_too_many_components
9912.png,demasiados componentes/células segmentadas,warning_too_many_components
9931.png,demasiados componentes/células segmentadas,warning_too_many_components
9933.png,demasiados componentes/células segmentadas,warning_too_many_components
9934.png,demasiados componentes/células segmentadas,warning_too_many_components
9938.png,demasiados componentes/células segmentadas,warning_too_many_components
10016.png,demasiados componentes/células segmentadas,warning_too_many_components
10018.png,demasiados componentes/células segmentadas,warning_too_many_components
10019.png,demasiados componentes/células segmentadas,warning_too_many_components
10020.png,demasiados componentes/células segmentadas,warning_too_many_components
10021.png,demasiados componentes/células segmentadas,warning_too_many_components
10022.png,demasiados componentes/células segmentadas,warning_too_many_components
10023.png,demasiados componentes/células segmentadas,warning_too_many_components
10024.png,demasiados componentes/células segmentadas,warning_too_many_components
10025.png,demasiados componentes/células segmentadas,warning_too_many_components
10026.png,demasiados componentes/células segmentadas,warning_too_many_components
10027.png,demasiados componentes/células segmentadas,warning_too_many_components
10028.png,demasiados componentes/células segmentadas,warning_too_many_components
10029.png,demasiados componentes/células segmentadas,warning_too_many_components
10030.png,demasiados componentes/células segmentadas,warning_too_many_components
10031.png,demasiados componentes/células segmentadas,warning_too_many_components
10033.png,demasiados componentes/células segmentadas,warning_too_many_components
10034.png,demasiados componentes/células segmentadas,warning_too_many_components
10035.png,demasiados componentes/células segmentadas,warning_too_many_components
10036.png,demasiados componentes/células segmentadas,warning_too_many_components
10037.png,demasiados componentes/células segmentadas,warning_too_many_components
10038.png,demasiados componentes/células segmentadas,warning_too_many_components
10041.png,demasiados componentes/células segmentadas,warning_too_many_components
10042.png,demasiados componentes/células segmentadas,warning_too_many_components
10043.png,demasiados componentes/células segmentadas,warning_too_many_components
10044.png,demasiados componentes/células segmentadas,warning_too_many_components
10045.png,demasiados componentes/células segmentadas,warning_too_many_components
10046.png,demasiados componentes/células segmentadas,warning_too_many_components
10047.png,demasiados componentes/células segmentadas,warning_too_many_components
10048.png,demasiados componentes/células segmentadas,warning_too_many_components
10049.png,demasiados componentes/células segmentadas,warning_too_many_components
10051.png,demasiados componentes/células segmentadas,warning_too_many_components
10053.png,demasiados componentes/células segmentadas,warning_too_many_components
10054.png,demasiados componentes/células segmentadas,warning_too_many_components
10055.png,demasiados componentes/células segmentadas,warning_too_many_components
10056.png,demasiados componentes/células segmentadas,warning_too_many_components
10058.png,demasiados componentes/células segmentadas,warning_too_many_components
10059.png,demasiados componentes/células segmentadas,warning_too_many_components
10060.png,demasiados componentes/células segmentadas,warning_too_many_components
10062.png,demasiados componentes/células segmentadas,warning_too_many_components
10063.png,demasiados componentes/células segmentadas,warning_too_many_components
10064.png,demasiados componentes/células segmentadas,warning_too_many_components
10065.png,demasiados componentes/células segmentadas,warning_too_many_components
10067.png,demasiados componentes/células segmentadas,warning_too_many_components
10068.png,demasiados componentes/células segmentadas,warning_too_many_components
10069.png,demasiados componentes/células segmentadas,warning_too_many_components
10070.png,demasiados componentes/células segmentadas,warning_too_many_components
10072.png,demasiados componentes/células segmentadas,warning_too_many_components
10073.png,demasiados componentes/células segmentadas,warning_too_many_components
10077.png,demasiados componentes/células segmentadas,warning_too_many_components
10083.png,demasiados componentes/células segmentadas,warning_too_many_components
10084.png,demasiados componentes/células segmentadas,warning_too_many_components
10086.png,demasiados componentes/células segmentadas,warning_too_many_components
10087.png,demasiados componentes/células segmentadas,warning_too_many_components
10088.png,demasiados componentes/células segmentadas,warning_too_many_components
10089.png,demasiados componentes/células segmentadas,warning_too_many_components
10090.png,demasiados componentes/células segmentadas,warning_too_many_components
10091.png,demasiados componentes/células segmentadas,warning_too_many_components
10092.png,demasiados componentes/células segmentadas,warning_too_many_components
10093.png,demasiados componentes/células segmentadas,warning_too_many_components
10095.png,demasiados componentes/células segmentadas,warning_too_many_components
10097.png,demasiados componentes/células segmentadas,warning_too_many_components
10099.png,demasiados componentes/células segmentadas,warning_too_many_components
10100.png,demasiados componentes/células segmentadas,warning_too_many_components
10101.png,demasiados componentes/células segmentadas,warning_too_many_components
10102.png,demasiados componentes/células segmentadas,warning_too_many_components
10104.png,demasiados componentes/células segmentadas,warning_too_many_components
10105.png,demasiados componentes/células segmentadas,warning_too_many_components
10106.png,demasiados componentes/células segmentadas,warning_too_many_components
10107.png,demasiados componentes/células segmentadas,warning_too_many_components
10108.png,demasiados componentes/células segmentadas,warning_too_many_components
10113.png,demasiados componentes/células segmentadas,warning_too_many_components
10115.png,demasiados componentes/células segmentadas,warning_too_many_components
10118.png,demasiados componentes/células segmentadas,warning_too_many_components
10119.png,demasiados componentes/células segmentadas,warning_too_many_components
10120.png,demasiados componentes/células segmentadas,warning_too_many_components
10123.png,demasiados componentes/células segmentadas,warning_too_many_components
10124.png,demasiados componentes/células segmentadas,warning_too_many_components
10126.png,demasiados componentes/células segmentadas,warning_too_many_components
10130.png,demasiados componentes/células segmentadas,warning_too_many_components
10131.png,demasiados componentes/células segmentadas,warning_too_many_components
10132.png,demasiados componentes/células segmentadas,warning_too_many_components
10133.png,demasiados componentes/células segmentadas,warning_too_many_components
10134.png,demasiados componentes/células segmentadas,warning_too_many_components
10136.png,demasiados componentes/células segmentadas,warning_too_many_components
10138.png,demasiados componentes/células segmentadas,warning_too_many_components
10141.png,demasiados componentes/células segmentadas,warning_too_many_components
10142.png,demasiados componentes/células segmentadas,warning_too_many_components
10143.png,demasiados componentes/células segmentadas,warning_too_many_components
10145.png,demasiados componentes/células segmentadas,warning_too_many_components
10146.png,demasiados componentes/células segmentadas,warning_too_many_components
10147.png,demasiados componentes/células segmentadas,warning_too_many_components
10150.png,demasiados componentes/células segmentadas,warning_too_many_components
10151.png,demasiados componentes/células segmentadas,warning_too_many_components
10152.png,demasiados componentes/células segmentadas,warning_too_many_components
10153.png,demasiados componentes/células segmentadas,warning_too_many_components
10155.png,demasiados componentes/células segmentadas,warning_too_many_components
10156.png,demasiados componentes/células segmentadas,warning_too_many_components
10158.png,demasiados componentes/células segmentadas,warning_too_many_components
10159.png,demasiados componentes/células segmentadas,warning_too_many_components
10160.png,demasiados componentes/células segmentadas,warning_too_many_components
10162.png,demasiados componentes/células segmentadas,warning_too_many_components
10163.png,demasiados componentes/células segmentadas,warning_too_many_components
10164.png,demasiados componentes/células segmentadas,warning_too_many_components
10165.png,demasiados componentes/células segmentadas,warning_too_many_components
10167.png,demasiados componentes/células segmentadas,warning_too_many_components
10169.png,demasiados componentes/células segmentadas,warning_too_many_components
10170.png,demasiados componentes/células segmentadas,warning_too_many_components
10171.png,demasiados componentes/células segmentadas,warning_too_many_components
10172.png,demasiados componentes/células segmentadas,warning_too_many_components
10174.png,demasiados componentes/células segmentadas,warning_too_many_components
10175.png,demasiados componentes/células segmentadas,warning_too_many_components
10176.png,demasiados componentes/células segmentadas,warning_too_many_components
10177.png,demasiados componentes/células segmentadas,warning_too_many_components
10178.png,demasiados componentes/células segmentadas,warning_too_many_components
10180.png,demasiados componentes/células segmentadas,warning_too_many_components
10181.png,demasiados componentes/células segmentadas,warning_too_many_components
10183.png,demasiados componentes/células segmentadas,warning_too_many_components
10185.png,demasiados componentes/células segmentadas,warning_too_many_components
10188.png,demasiados componentes/células segmentadas,warning_too_many_components
10190.png,demasiados componentes/células segmentadas,warning_too_many_components
10191.png,demasiados componentes/células segmentadas,warning_too_many_components
10192.png,demasiados componentes/células segmentadas,warning_too_many_components
10193.png,demasiados componentes/células segmentadas,warning_too_many_components
10194.png,demasiados componentes/células segmentadas,warning_too_many_components
10195.png,demasiados componentes/células segmentadas,warning_too_many_components
10196.png,demasiados componentes/células segmentadas,warning_too_many_components
10197.png,demasiados componentes/células segmentadas,warning_too_many_components
10198.png,demasiados componentes/células segmentadas,warning_too_many_components
10199.png,demasiados componentes/células segmentadas,warning_too_many_components
10200.png,demasiados componentes/células segmentadas,warning_too_many_components
10201.png,demasiados componentes/células segmentadas,warning_too_many_components
10202.png,demasiados componentes/células segmentadas,warning_too_many_components
10203.png,demasiados componentes/células segmentadas,warning_too_many_components
10204.png,demasiados componentes/células segmentadas,warning_too_many_components
10205.png,demasiados componentes/células segmentadas,warning_too_many_components
10206.png,demasiados componentes/células segmentadas,warning_too_many_components
10207.png,demasiados componentes/células segmentadas,warning_too_many_components
10208.png,demasiados componentes/células segmentadas,warning_too_many_components
10209.png,demasiados componentes/células segmentadas,warning_too_many_components
10210.png,demasiados componentes/células segmentadas,warning_too_many_components
10212.png,demasiados componentes/células segmentadas,warning_too_many_components
10213.png,demasiados componentes/células segmentadas,warning_too_many_components
10214.png,demasiados componentes/células segmentadas,warning_too_many_components
10215.png,demasiados componentes/células segmentadas,warning_too_many_components
10216.png,demasiados componentes/células segmentadas,warning_too_many_components
10217.png,demasiados componentes/células segmentadas,warning_too_many_components
10218.png,demasiados componentes/células segmentadas,warning_too_many_components
10219.png,demasiados componentes/células segmentadas,warning_too_many_components
10220.png,demasiados componentes/células segmentadas,warning_too_many_components
10221.png,demasiados componentes/células segmentadas,warning_too_many_components
10223.png,demasiados componentes/células segmentadas,warning_too_many_components
10226.png,demasiados componentes/células segmentadas,warning_too_many_components
10228.png,demasiados componentes/células segmentadas,warning_too_many_components
10230.png,demasiados componentes/células segmentadas,warning_too_many_components
10231.png,demasiados componentes/células segmentadas,warning_too_many_components
10235.png,demasiados componentes/células segmentadas,warning_too_many_components
10236.png,demasiados componentes/células segmentadas,warning_too_many_components
10237.png,demasiados componentes/células segmentadas,warning_too_many_components
10238.png,demasiados componentes/células segmentadas,warning_too_many_components
10239.png,demasiados componentes/células segmentadas,warning_too_many_components
10242.png,demasiados componentes/células segmentadas,warning_too_many_components
10243.png,demasiados componentes/células segmentadas,warning_too_many_components
10244.png,demasiados componentes/células segmentadas,warning_too_many_components
10245.png,demasiados componentes/células segmentadas,warning_too_many_components
10246.png,demasiados componentes/células segmentadas,warning_too_many_components
10250.png,demasiados componentes/células segmentadas,warning_too_many_components
10251.png,demasiados componentes/células segmentadas,warning_too_many_components
10253.png,demasiados componentes/células segmentadas,warning_too_many_components
10254.png,demasiados componentes/células segmentadas,warning_too_many_components
10256.png,demasiados componentes/células segmentadas,warning_too_many_components
10260.png,demasiados componentes/células segmentadas,warning_too_many_components
10262.png,demasiados componentes/células segmentadas,warning_too_many_components
10263.png,demasiados componentes/células segmentadas,warning_too_many_components
10264.png,demasiados componentes/células segmentadas,warning_too_many_components
10265.png,demasiados componentes/células segmentadas,warning_too_many_components
10267.png,demasiados componentes/células segmentadas,warning_too_many_components
10268.png,demasiados componentes/células segmentadas,warning_too_many_components
10269.png,demasiados componentes/células segmentadas,warning_too_many_components
10270.png,demasiados componentes/células segmentadas,warning_too_many_components
10273.png,demasiados componentes/células segmentadas,warning_too_many_components
10274.png,demasiados componentes/células segmentadas,warning_too_many_components
10275.png,demasiados componentes/células segmentadas,warning_too_many_components
10276.png,demasiados componentes/células segmentadas,warning_too_many_components
10277.png,demasiados componentes/células segmentadas,warning_too_many_components
10278.png,demasiados componentes/células segmentadas,warning_too_many_components
10279.png,demasiados componentes/células segmentadas,warning_too_many_components
10280.png,demasiados componentes/células segmentadas,warning_too_many_components
10281.png,demasiados componentes/células segmentadas,warning_too_many_components
10282.png,demasiados componentes/células segmentadas,warning_too_many_components
10283.png,demasiados componentes/células segmentadas,warning_too_many_components
10284.png,demasiados componentes/células segmentadas,warning_too_many_components
10285.png,demasiados componentes/células segmentadas,warning_too_many_components
10286.png,demasiados componentes/células segmentadas,warning_too_many_components
10287.png,demasiados componentes/células segmentadas,warning_too_many_components
10288.png,demasiados componentes/células segmentadas,warning_too_many_components
10289.png,demasiados componentes/células segmentadas,warning_too_many_components
10291.png,demasiados componentes/células segmentadas,warning_too_many_components
10292.png,demasiados componentes/células segmentadas,warning_too_many_components
10293.png,demasiados componentes/células segmentadas,warning_too_many_components
10294.png,demasiados componentes/células segmentadas,warning_too_many_components
10295.png,demasiados componentes/células segmentadas,warning_too_many_components
10296.png,demasiados componentes/células segmentadas,warning_too_many_components
10297.png,demasiados componentes/células segmentadas,warning_too_many_components
10298.png,demasiados componentes/células segmentadas,warning_too_many_components
10299.png,demasiados componentes/células segmentadas,warning_too_many_components
10301.png,demasiados componentes/células segmentadas,warning_too_many_components
10302.png,demasiados componentes/células segmentadas,warning_too_many_components
10303.png,demasiados componentes/células segmentadas,warning_too_many_components
10304.png,demasiados componentes/células segmentadas,warning_too_many_components
10305.png,demasiados componentes/células segmentadas,warning_too_many_components
10307.png,demasiados componentes/células segmentadas,warning_too_many_components
10308.png,demasiados componentes/células segmentadas,warning_too_many_components
10309.png,demasiados componentes/células segmentadas,warning_too_many_components
10310.png,demasiados componentes/células segmentadas,warning_too_many_components
10311.png,demasiados componentes/células segmentadas,warning_too_many_components
10321.png,demasiados componentes/células segmentadas,warning_too_many_components
10322.png,demasiados componentes/células segmentadas,warning_too_many_components
10323.png,demasiados componentes/células segmentadas,warning_too_many_components
10324.png,demasiados componentes/células segmentadas,warning_too_many_components
10325.png,demasiados componentes/células segmentadas,warning_too_many_components
10326.png,demasiados componentes/células segmentadas,warning_too_many_components
10328.png,demasiados componentes/células segmentadas,warning_too_many_components
10329.png,demasiados componentes/células segmentadas,warning_too_many_components
10331.png,demasiados componentes/células segmentadas,warning_too_many_components
10333.png,demasiados componentes/células segmentadas,warning_too_many_components
10334.png,demasiados componentes/células segmentadas,warning_too_many_components
10336.png,demasiados componentes/células segmentadas,warning_too_many_components
10339.png,demasiados componentes/células segmentadas,warning_too_many_components
10346.png,demasiados componentes/células segmentadas,warning_too_many_components
10347.png,demasiados componentes/células segmentadas,warning_too_many_components
10348.png,demasiados componentes/células segmentadas,warning_too_many_components
10351.png,demasiados componentes/células segmentadas,warning_too_many_components
10352.png,demasiados componentes/células segmentadas,warning_too_many_components
10353.png,demasiados componentes/células segmentadas,warning_too_many_components
10354.png,demasiados componentes/células segmentadas,warning_too_many_components
10355.png,demasiados componentes/células segmentadas,warning_too_many_components
10359.png,demasiados componentes/células segmentadas,warning_too_many_components
10360.png,demasiados componentes/células segmentadas,warning_too_many_components
10364.png,demasiados componentes/células segmentadas,warning_too_many_components
10371.png,demasiados componentes/células segmentadas,warning_too_many_components
10374.png,demasiados componentes/células segmentadas,warning_too_many_components
10376.png,demasiados componentes/células segmentadas,warning_too_many_components
10377.png,demasiados componentes/células segmentadas,warning_too_many_components
10379.png,demasiados componentes/células segmentadas,warning_too_many_components
10386.png,demasiados componentes/células segmentadas,warning_too_many_components
10391.png,demasiados componentes/células segmentadas,warning_too_many_components
10392.png,demasiados componentes/células segmentadas,warning_too_many_components
10394.png,demasiados componentes/células segmentadas,warning_too_many_components
10395.png,demasiados componentes/células segmentadas,warning_too_many_components
10396.png,demasiados componentes/células segmentadas,warning_too_many_components
10397.png,demasiados componentes/células segmentadas,warning_too_many_components
10398.png,demasiados componentes/células segmentadas,warning_too_many_components
10399.png,demasiados componentes/células segmentadas,warning_too_many_components
10401.png,demasiados componentes/células segmentadas,warning_too_many_components
10403.png,demasiados componentes/células segmentadas,warning_too_many_components
10404.png,demasiados componentes/células segmentadas,warning_too_many_components
10405.png,demasiados componentes/células segmentadas,warning_too_many_components
10406.png,demasiados componentes/células segmentadas,warning_too_many_components
10409.png,demasiados componentes/células segmentadas,warning_too_many_components
10410.png,demasiados componentes/células segmentadas,warning_too_many_components
10411.png,demasiados componentes/células segmentadas,warning_too_many_components
10412.png,demasiados componentes/células segmentadas,warning_too_many_components
10413.png,demasiados componentes/células segmentadas,warning_too_many_components
10414.png,demasiados componentes/células segmentadas,warning_too_many_components
10415.png,demasiados componentes/células segmentadas,warning_too_many_components
10418.png,demasiados componentes/células segmentadas,warning_too_many_components
10419.png,demasiados componentes/células segmentadas,warning_too_many_components
10420.png,demasiados componentes/células segmentadas,warning_too_many_components
10421.png,demasiados componentes/células segmentadas,warning_too_many_components
10426.png,demasiados componentes/células segmentadas,warning_too_many_components
10427.png,demasiados componentes/células segmentadas,warning_too_many_components
10428.png,demasiados componentes/células segmentadas,warning_too_many_components
10429.png,demasiados componentes/células segmentadas,warning_too_many_components
10430.png,demasiados componentes/células segmentadas,warning_too_many_components
10431.png,demasiados componentes/células segmentadas,warning_too_many_components
10433.png,demasiados componentes/células segmentadas,warning_too_many_components
10437.png,demasiados componentes/células segmentadas,warning_too_many_components
10438.png,demasiados componentes/células segmentadas,warning_too_many_components
10440.png,demasiados componentes/células segmentadas,warning_too_many_components
10441.png,demasiados componentes/células segmentadas,warning_too_many_components
10442.png,demasiados componentes/células segmentadas,warning_too_many_components
10443.png,demasiados componentes/células segmentadas,warning_too_many_components
10445.png,demasiados componentes/células segmentadas,warning_too_many_components
10446.png,demasiados componentes/células segmentadas,warning_too_many_components
10447.png,demasiados componentes/células segmentadas,warning_too_many_components
10448.png,demasiados componentes/células segmentadas,warning_too_many_components
10449.png,demasiados componentes/células segmentadas,warning_too_many_components
10450.png,demasiados componentes/células segmentadas,warning_too_many_components
10451.png,demasiados componentes/células segmentadas,warning_too_many_components
10453.png,demasiados componentes/células segmentadas,warning_too_many_components
10454.png,demasiados componentes/células segmentadas,warning_too_many_components
10458.png,demasiados componentes/células segmentadas,warning_too_many_components
10459.png,demasiados componentes/células segmentadas,warning_too_many_components
10461.png,demasiados componentes/células segmentadas,warning_too_many_components
10462.png,demasiados componentes/células segmentadas,warning_too_many_components
10466.png,demasiados componentes/células segmentadas,warning_too_many_components
10469.png,demasiados componentes/células segmentadas,warning_too_many_components
10472.png,demasiados componentes/células segmentadas,warning_too_many_components
10473.png,demasiados componentes/células segmentadas,warning_too_many_components
10474.png,demasiados componentes/células segmentadas,warning_too_many_components
10475.png,demasiados componentes/células segmentadas,warning_too_many_components
10477.png,demasiados componentes/células segmentadas,warning_too_many_components
10478.png,demasiados componentes/células segmentadas,warning_too_many_components
10480.png,demasiados componentes/células segmentadas,warning_too_many_components
10481.png,demasiados componentes/células segmentadas,warning_too_many_components
10484.png,demasiados componentes/células segmentadas,warning_too_many_components
10485.png,demasiados componentes/células segmentadas,warning_too_many_components
10488.png,demasiados componentes/células segmentadas,warning_too_many_components
10489.png,demasiados componentes/células segmentadas,warning_too_many_components
10490.png,demasiados componentes/células segmentadas,warning_too_many_components
10492.png,demasiados componentes/células segmentadas,warning_too_many_components
10493.png,demasiados componentes/células segmentadas,warning_too_many_components
10494.png,demasiados componentes/células segmentadas,warning_too_many_components
10499.png,demasiados componentes/células segmentadas,warning_too_many_components
10500.png,demasiados componentes/células segmentadas,warning_too_many_components
10501.png,demasiados componentes/células segmentadas,warning_too_many_components
10503.png,demasiados componentes/células segmentadas,warning_too_many_components
10505.png,demasiados componentes/células segmentadas,warning_too_many_components
10506.png,demasiados componentes/células segmentadas,warning_too_many_components
10507.png,demasiados componentes/células segmentadas,warning_too_many_components
10509.png,demasiados componentes/células segmentadas,warning_too_many_components
10510.png,demasiados componentes/células segmentadas,warning_too_many_components
10511.png,demasiados componentes/células segmentadas,warning_too_many_components
10514.png,demasiados componentes/células segmentadas,warning_too_many_components
10515.png,demasiados componentes/células segmentadas,warning_too_many_components
10516.png,demasiados componentes/células segmentadas,warning_too_many_components
10517.png,demasiados componentes/células segmentadas,warning_too_many_components
10518.png,demasiados componentes/células segmentadas,warning_too_many_components
10519.png,demasiados componentes/células segmentadas,warning_too_many_components
10522.png,demasiados componentes/células segmentadas,warning_too_many_components
10524.png,demasiados componentes/células segmentadas,warning_too_many_components
10525.png,demasiados componentes/células segmentadas,warning_too_many_components
10526.png,demasiados componentes/células segmentadas,warning_too_many_components
10527.png,demasiados componentes/células segmentadas,warning_too_many_components
10528.png,demasiados componentes/células segmentadas,warning_too_many_components
10530.png,demasiados componentes/células segmentadas,warning_too_many_components
10531.png,demasiados componentes/células segmentadas,warning_too_many_components
10532.png,demasiados componentes/células segmentadas,warning_too_many_components
10533.png,demasiados componentes/células segmentadas,warning_too_many_components
10534.png,demasiados componentes/células segmentadas,warning_too_many_components
10535.png,demasiados componentes/células segmentadas,warning_too_many_components
10536.png,demasiados componentes/células segmentadas,warning_too_many_components
10537.png,demasiados componentes/células segmentadas,warning_too_many_components
10538.png,demasiados componentes/células segmentadas,warning_too_many_components
10539.png,demasiados componentes/células segmentadas,warning_too_many_components
10540.png,demasiados componentes/células segmentadas,warning_too_many_components
10541.png,demasiados componentes/células segmentadas,warning_too_many_components
10542.png,demasiados componentes/células segmentadas,warning_too_many_components
10543.png,demasiados componentes/células segmentadas,warning_too_many_components
10544.png,demasiados componentes/células segmentadas,warning_too_many_components
10545.png,demasiados componentes/células segmentadas,warning_too_many_components
10547.png,demasiados componentes/células segmentadas,warning_too_many_components
10549.png,demasiados componentes/células segmentadas,warning_too_many_components
10550.png,demasiados componentes/células segmentadas,warning_too_many_components
10552.png,demasiados componentes/células segmentadas,warning_too_many_components
10554.png,demasiados componentes/células segmentadas,warning_too_many_components
10555.png,demasiados componentes/células segmentadas,warning_too_many_components
10556.png,demasiados componentes/células segmentadas,warning_too_many_components
10557.png,demasiados componentes/células segmentadas,warning_too_many_components
10558.png,demasiados componentes/células segmentadas,warning_too_many_components
10559.png,demasiados componentes/células segmentadas,warning_too_many_components
10560.png,demasiados componentes/células segmentadas,warning_too_many_components
10561.png,demasiados componentes/células segmentadas,warning_too_many_components
10562.png,demasiados componentes/células segmentadas,warning_too_many_components
10563.png,demasiados componentes/células segmentadas,warning_too_many_components
10564.png,demasiados componentes/células segmentadas,warning_too_many_components
10566.png,demasiados componentes/células segmentadas,warning_too_many_components
10567.png,demasiados componentes/células segmentadas,warning_too_many_components
10568.png,demasiados componentes/células segmentadas,warning_too_many_components
10569.png,demasiados componentes/células segmentadas,warning_too_many_components
10570.png,demasiados componentes/células segmentadas,warning_too_many_components
10571.png,demasiados componentes/células segmentadas,warning_too_many_components
10572.png,demasiados componentes/células segmentadas,warning_too_many_components
10573.png,demasiados componentes/células segmentadas,warning_too_many_components
10574.png,demasiados componentes/células segmentadas,warning_too_many_components
10575.png,demasiados componentes/células segmentadas,warning_too_many_components
10576.png,demasiados componentes/células segmentadas,warning_too_many_components
10577.png,demasiados componentes/células segmentadas,warning_too_many_components
10578.png,demasiados componentes/células segmentadas,warning_too_many_components
10579.png,demasiados componentes/células segmentadas,warning_too_many_components
10580.png,demasiados componentes/células segmentadas,warning_too_many_components
10581.png,demasiados componentes/células segmentadas,warning_too_many_components
10582.png,demasiados componentes/células segmentadas,warning_too_many_components
10583.png,demasiados componentes/células segmentadas,warning_too_many_components
10584.png,demasiados componentes/células segmentadas,warning_too_many_components
10585.png,demasiados componentes/células segmentadas,warning_too_many_components
10587.png,demasiados componentes/células segmentadas,warning_too_many_components
10588.png,demasiados componentes/células segmentadas,warning_too_many_components
10589.png,demasiados componentes/células segmentadas,warning_too_many_components
10590.png,demasiados componentes/células segmentadas,warning_too_many_components
10591.png,demasiados componentes/células segmentadas,warning_too_many_components
10592.png,demasiados componentes/células segmentadas,warning_too_many_components
10593.png,demasiados componentes/células segmentadas,warning_too_many_components
10594.png,demasiados componentes/células segmentadas,warning_too_many_components
10595.png,demasiados componentes/células segmentadas,warning_too_many_components
10596.png,demasiados componentes/células segmentadas,warning_too_many_components
10597.png,demasiados componentes/células segmentadas,warning_too_many_components
10598.png,demasiados componentes/células segmentadas,warning_too_many_components
10599.png,demasiados componentes/células segmentadas,warning_too_many_components
10600.png,demasiados componentes/células segmentadas,warning_too_many_components
10601.png,demasiados componentes/células segmentadas,warning_too_many_components
10602.png,demasiados componentes/células segmentadas,warning_too_many_components
10604.png,demasiados componentes/células segmentadas,warning_too_many_components
10605.png,demasiados componentes/células segmentadas,warning_too_many_components
10606.png,demasiados componentes/células segmentadas,warning_too_many_components
10607.png,demasiados componentes/células segmentadas,warning_too_many_components
10609.png,demasiados componentes/células segmentadas,warning_too_many_components
10610.png,demasiados componentes/células segmentadas,warning_too_many_components
10611.png,demasiados componentes/células segmentadas,warning_too_many_components
10612.png,demasiados componentes/células segmentadas,warning_too_many_components
10613.png,demasiados componentes/células segmentadas,warning_too_many_components
10614.png,demasiados componentes/células segmentadas,warning_too_many_components
10615.png,demasiados componentes/células segmentadas,warning_too_many_components
10616.png,demasiados componentes/células segmentadas,warning_too_many_components
10618.png,demasiados componentes/células segmentadas,warning_too_many_components
10619.png,demasiados componentes/células segmentadas,warning_too_many_components
10620.png,demasiados componentes/células segmentadas,warning_too_many_components
10621.png,demasiados componentes/células segmentadas,warning_too_many_components
10624.png,demasiados componentes/células segmentadas,warning_too_many_components
10625.png,demasiados componentes/células segmentadas,warning_too_many_components
10631.png,demasiados componentes/células segmentadas,warning_too_many_components
10632.png,demasiados componentes/células segmentadas,warning_too_many_components
10633.png,demasiados componentes/células segmentadas,warning_too_many_components
10634.png,demasiados componentes/células segmentadas,warning_too_many_components
10635.png,demasiados componentes/células segmentadas,warning_too_many_components
10637.png,demasiados componentes/células segmentadas,warning_too_many_components
10638.png,demasiados componentes/células segmentadas,warning_too_many_components
10639.png,demasiados componentes/células segmentadas,warning_too_many_components
10640.png,demasiados componentes/células segmentadas,warning_too_many_components
10641.png,demasiados componentes/células segmentadas,warning_too_many_components
10642.png,demasiados componentes/células segmentadas,warning_too_many_components
10643.png,demasiados componentes/células segmentadas,warning_too_many_components
10644.png,demasiados componentes/células segmentadas,warning_too_many_components
10645.png,demasiados componentes/células segmentadas,warning_too_many_components
10646.png,demasiados componentes/células segmentadas,warning_too_many_components
10648.png,demasiados componentes/células segmentadas,warning_too_many_components
10649.png,demasiados componentes/células segmentadas,warning_too_many_components
10650.png,demasiados componentes/células segmentadas,warning_too_many_components
10651.png,demasiados componentes/células segmentadas,warning_too_many_components
10652.png,demasiados componentes/células segmentadas,warning_too_many_components
10653.png,demasiados componentes/células segmentadas,warning_too_many_components
10654.png,demasiados componentes/células segmentadas,warning_too_many_components
10655.png,demasiados componentes/células segmentadas,warning_too_many_components
10656.png,demasiados componentes/células segmentadas,warning_too_many_components
10657.png,demasiados componentes/células segmentadas,warning_too_many_components
10658.png,demasiados componentes/células segmentadas,warning_too_many_components
10659.png,demasiados componentes/células segmentadas,warning_too_many_components
10661.png,demasiados componentes/células segmentadas,warning_too_many_components
10662.png,demasiados componentes/células segmentadas,warning_too_many_components
10663.png,demasiados componentes/células segmentadas,warning_too_many_components
10664.png,demasiados componentes/células segmentadas,warning_too_many_components
10665.png,demasiados componentes/células segmentadas,warning_too_many_components
10666.png,demasiados componentes/células segmentadas,warning_too_many_components
10668.png,demasiados componentes/células segmentadas,warning_too_many_components
10669.png,demasiados componentes/células segmentadas,warning_too_many_components
10671.png,demasiados componentes/células segmentadas,warning_too_many_components
10672.png,demasiados componentes/células segmentadas,warning_too_many_components
10673.png,demasiados componentes/células segmentadas,warning_too_many_components
10674.png,demasiados componentes/células segmentadas,warning_too_many_components
10675.png,demasiados componentes/células segmentadas,warning_too_many_components
10676.png,demasiados componentes/células segmentadas,warning_too_many_components
10677.png,demasiados componentes/células segmentadas,warning_too_many_components
10679.png,demasiados componentes/células segmentadas,warning_too_many_components
10681.png,demasiados componentes/células segmentadas,warning_too_many_components
10682.png,demasiados componentes/células segmentadas,warning_too_many_components
10683.png,demasiados componentes/células segmentadas,warning_too_many_components
10684.png,demasiados componentes/células segmentadas,warning_too_many_components
10685.png,demasiados componentes/células segmentadas,warning_too_many_components
10687.png,demasiados componentes/células segmentadas,warning_too_many_components
10688.png,demasiados componentes/células segmentadas,warning_too_many_components
10689.png,demasiados componentes/células segmentadas,warning_too_many_components
10690.png,demasiados componentes/células segmentadas,warning_too_many_components
10691.png,demasiados componentes/células segmentadas,warning_too_many_components
10692.png,demasiados componentes/células segmentadas,warning_too_many_components
10694.png,demasiados componentes/células segmentadas,warning_too_many_components
10696.png,demasiados componentes/células segmentadas,warning_too_many_components
10697.png,demasiados componentes/células segmentadas,warning_too_many_components
10699.png,demasiados componentes/células segmentadas,warning_too_many_components
10700.png,demasiados componentes/células segmentadas,warning_too_many_components
10701.png,demasiados componentes/células segmentadas,warning_too_many_components
10702.png,demasiados componentes/células segmentadas,warning_too_many_components
10703.png,demasiados componentes/células segmentadas,warning_too_many_components
10705.png,demasiados componentes/células segmentadas,warning_too_many_components
10707.png,demasiados componentes/células segmentadas,warning_too_many_components
10710.png,demasiados componentes/células segmentadas,warning_too_many_components
10711.png,demasiados componentes/células segmentadas,warning_too_many_components
10712.png,demasiados componentes/células segmentadas,warning_too_many_components
10713.png,demasiados componentes/células segmentadas,warning_too_many_components
10714.png,demasiados componentes/células segmentadas,warning_too_many_components
10715.png,demasiados componentes/células segmentadas,warning_too_many_components
10716.png,demasiados componentes/células segmentadas,warning_too_many_components
10717.png,demasiados componentes/células segmentadas,warning_too_many_components
10718.png,demasiados componentes/células segmentadas,warning_too_many_components
10719.png,demasiados componentes/células segmentadas,warning_too_many_components
10720.png,demasiados componentes/células segmentadas,warning_too_many_components
10721.png,demasiados componentes/células segmentadas,warning_too_many_components
10722.png,demasiados componentes/células segmentadas,warning_too_many_components
10723.png,demasiados componentes/células segmentadas,warning_too_many_components
10724.png,demasiados componentes/células segmentadas,warning_too_many_components
10725.png,demasiados componentes/células segmentadas,warning_too_many_components
10726.png,demasiados componentes/células segmentadas,warning_too_many_components
10727.png,demasiados componentes/células segmentadas,warning_too_many_components
10728.png,demasiados componentes/células segmentadas,warning_too_many_components
10729.png,demasiados componentes/células segmentadas,warning_too_many_components
10730.png,demasiados componentes/células segmentadas,warning_too_many_components
10731.png,demasiados componentes/células segmentadas,warning_too_many_components
10732.png,demasiados componentes/células segmentadas,warning_too_many_components
10733.png,demasiados componentes/células segmentadas,warning_too_many_components
10734.png,demasiados componentes/células segmentadas,warning_too_many_components
10735.png,demasiados componentes/células segmentadas,warning_too_many_components
10736.png,demasiados componentes/células segmentadas,warning_too_many_components
10737.png,demasiados componentes/células segmentadas,warning_too_many_components
10738.png,demasiados componentes/células segmentadas,warning_too_many_components
10739.png,demasiados componentes/células segmentadas,warning_too_many_components
10740.png,demasiados componentes/células segmentadas,warning_too_many_components
10741.png,demasiados componentes/células segmentadas,warning_too_many_components
10742.png,demasiados componentes/células segmentadas,warning_too_many_components
10743.png,demasiados componentes/células segmentadas,warning_too_many_components
10744.png,demasiados componentes/células segmentadas,warning_too_many_components
10745.png,demasiados componentes/células segmentadas,warning_too_many_components
10746.png,demasiados componentes/células segmentadas,warning_too_many_components
10747.png,demasiados componentes/células segmentadas,warning_too_many_components
10748.png,demasiados componentes/células segmentadas,warning_too_many_components
10749.png,demasiados componentes/células segmentadas,warning_too_many_components
10750.png,demasiados componentes/células segmentadas,warning_too_many_components
10751.png,demasiados componentes/células segmentadas,warning_too_many_components
10752.png,demasiados componentes/células segmentadas,warning_too_many_components
10753.png,demasiados componentes/células segmentadas,warning_too_many_components
10754.png,demasiados componentes/células segmentadas,warning_too_many_components
10755.png,demasiados componentes/células segmentadas,warning_too_many_components
10756.png,demasiados componentes/células segmentadas,warning_too_many_components
10757.png,demasiados componentes/células segmentadas,warning_too_many_components
10758.png,demasiados componentes/células segmentadas,warning_too_many_components
10759.png,demasiados componentes/células segmentadas,warning_too_many_components
10760.png,demasiados componentes/células segmentadas,warning_too_many_components
10762.png,demasiados componentes/células segmentadas,warning_too_many_components
10763.png,demasiados componentes/células segmentadas,warning_too_many_components
10764.png,demasiados componentes/células segmentadas,warning_too_many_components
10766.png,demasiados componentes/células segmentadas,warning_too_many_components
10767.png,demasiados componentes/células segmentadas,warning_too_many_components
10768.png,demasiados componentes/células segmentadas,warning_too_many_components
10769.png,demasiados componentes/células segmentadas,warning_too_many_components
10770.png,demasiados componentes/células segmentadas,warning_too_many_components
10771.png,demasiados componentes/células segmentadas,warning_too_many_components
10772.png,demasiados componentes/células segmentadas,warning_too_many_components
10773.png,demasiados componentes/células segmentadas,warning_too_many_components
10774.png,demasiados componentes/células segmentadas,warning_too_many_components
10775.png,demasiados componentes/células segmentadas,warning_too_many_components
10776.png,demasiados componentes/células segmentadas,warning_too_many_components
10777.png,demasiados componentes/células segmentadas,warning_too_many_components
10778.png,demasiados componentes/células segmentadas,warning_too_many_components
10779.png,demasiados componentes/células segmentadas,warning_too_many_components
10780.png,demasiados componentes/células segmentadas,warning_too_many_components
10781.png,demasiados componentes/células segmentadas,warning_too_many_components
10783.png,demasiados componentes/células segmentadas,warning_too_many_components
10784.png,demasiados componentes/células segmentadas,warning_too_many_components
10785.png,demasiados componentes/células segmentadas,warning_too_many_components
10787.png,demasiados componentes/células segmentadas,warning_too_many_components
10788.png,demasiados componentes/células segmentadas,warning_too_many_components
10790.png,demasiados componentes/células segmentadas,warning_too_many_components
10791.png,demasiados componentes/células segmentadas,warning_too_many_components
10792.png,demasiados componentes/células segmentadas,warning_too_many_components
10793.png,demasiados componentes/células segmentadas,warning_too_many_components
10794.png,demasiados componentes/células segmentadas,warning_too_many_components
10795.png,demasiados componentes/células segmentadas,warning_too_many_components
10796.png,demasiados componentes/células segmentadas,warning_too_many_components
10797.png,demasiados componentes/células segmentadas,warning_too_many_components
10798.png,demasiados componentes/células segmentadas,warning_too_many_components
10799.png,demasiados componentes/células segmentadas,warning_too_many_components
10800.png,demasiados componentes/células segmentadas,warning_too_many_components
10801.png,demasiados componentes/células segmentadas,warning_too_many_components
10802.png,demasiados componentes/células segmentadas,warning_too_many_components
10803.png,demasiados componentes/células segmentadas,warning_too_many_components
10805.png,demasiados componentes/células segmentadas,warning_too_many_components
10806.png,demasiados componentes/células segmentadas,warning_too_many_components
10807.png,demasiados componentes/células segmentadas,warning_too_many_components
10808.png,demasiados componentes/células segmentadas,warning_too_many_components
10809.png,demasiados componentes/células segmentadas,warning_too_many_components
10810.png,demasiados componentes/células segmentadas,warning_too_many_components
10811.png,demasiados componentes/células segmentadas,warning_too_many_components
10812.png,demasiados componentes/células segmentadas,warning_too_many_components
10813.png,demasiados componentes/células segmentadas,warning_too_many_components
10814.png,demasiados componentes/células segmentadas,warning_too_many_components
10815.png,demasiados componentes/células segmentadas,warning_too_many_components
10816.png,demasiados componentes/células segmentadas,warning_too_many_components
10817.png,demasiados componentes/células segmentadas,warning_too_many_components
10818.png,demasiados componentes/células segmentadas,warning_too_many_components
10819.png,demasiados componentes/células segmentadas,warning_too_many_components
10821.png,demasiados componentes/células segmentadas,warning_too_many_components
10822.png,demasiados componentes/células segmentadas,warning_too_many_components
10823.png,demasiados componentes/células segmentadas,warning_too_many_components
10824.png,demasiados componentes/células segmentadas,warning_too_many_components
10825.png,demasiados componentes/células segmentadas,warning_too_many_components
10826.png,demasiados componentes/células segmentadas,warning_too_many_components
10827.png,demasiados componentes/células segmentadas,warning_too_many_components
10829.png,demasiados componentes/células segmentadas,warning_too_many_components
10830.png,demasiados componentes/células segmentadas,warning_too_many_components
10831.png,demasiados componentes/células segmentadas,warning_too_many_components
10832.png,demasiados componentes/células segmentadas,warning_too_many_components
10833.png,demasiados componentes/células segmentadas,warning_too_many_components
10834.png,demasiados componentes/células segmentadas,warning_too_many_components
10836.png,demasiados componentes/células segmentadas,warning_too_many_components
10837.png,demasiados componentes/células segmentadas,warning_too_many_components
10838.png,demasiados componentes/células segmentadas,warning_too_many_components
10839.png,demasiados componentes/células segmentadas,warning_too_many_components
10840.png,demasiados componentes/células segmentadas,warning_too_many_components
10841.png,demasiados componentes/células segmentadas,warning_too_many_components
10842.png,demasiados componentes/células segmentadas,warning_too_many_components
10843.png,demasiados componentes/células segmentadas,warning_too_many_components
10844.png,demasiados componentes/células segmentadas,warning_too_many_components
10845.png,demasiados componentes/células segmentadas,warning_too_many_components
10847.png,demasiados componentes/células segmentadas,warning_too_many_components
10848.png,demasiados componentes/células segmentadas,warning_too_many_components
10849.png,demasiados componentes/células segmentadas,warning_too_many_components
10850.png,demasiados componentes/células segmentadas,warning_too_many_components
10851.png,demasiados componentes/células segmentadas,warning_too_many_components
10852.png,demasiados componentes/células segmentadas,warning_too_many_components
10855.png,demasiados componentes/células segmentadas,warning_too_many_components
10856.png,demasiados componentes/células segmentadas,warning_too_many_components
10857.png,demasiados componentes/células segmentadas,warning_too_many_components
10858.png,demasiados componentes/células segmentadas,warning_too_many_components
10859.png,demasiados componentes/células segmentadas,warning_too_many_components
10860.png,demasiados componentes/células segmentadas,warning_too_many_components
10861.png,demasiados componentes/células segmentadas,warning_too_many_components
10862.png,demasiados componentes/células segmentadas,warning_too_many_components
10863.png,demasiados componentes/células segmentadas,warning_too_many_components
10864.png,demasiados componentes/células segmentadas,warning_too_many_components
10865.png,demasiados componentes/células segmentadas,warning_too_many_components
10866.png,demasiados componentes/células segmentadas,warning_too_many_components
10867.png,demasiados componentes/células segmentadas,warning_too_many_components
10868.png,demasiados componentes/células segmentadas,warning_too_many_components
10869.png,demasiados componentes/células segmentadas,warning_too_many_components
10870.png,demasiados componentes/células segmentadas,warning_too_many_components
10872.png,demasiados componentes/células segmentadas,warning_too_many_components
10874.png,demasiados componentes/células segmentadas,warning_too_many_components
10876.png,demasiados componentes/células segmentadas,warning_too_many_components
10877.png,demasiados componentes/células segmentadas,warning_too_many_components
10879.png,demasiados componentes/células segmentadas,warning_too_many_components
10880.png,demasiados componentes/células segmentadas,warning_too_many_components
10881.png,demasiados componentes/células segmentadas,warning_too_many_components
10890.png,demasiados componentes/células segmentadas,warning_too_many_components
10893.png,demasiados componentes/células segmentadas,warning_too_many_components
10895.png,demasiados componentes/células segmentadas,warning_too_many_components
10896.png,demasiados componentes/células segmentadas,warning_too_many_components
10898.png,demasiados componentes/células segmentadas,warning_too_many_components
10900.png,demasiados componentes/células segmentadas,warning_too_many_components
10901.png,demasiados componentes/células segmentadas,warning_too_many_components
10903.png,demasiados componentes/células segmentadas,warning_too_many_components
10906.png,demasiados componentes/células segmentadas,warning_too_many_components
10908.png,demasiados componentes/células segmentadas,warning_too_many_components
10911.png,demasiados componentes/células segmentadas,warning_too_many_components
10912.png,demasiados componentes/células segmentadas,warning_too_many_components
10914.png,demasiados componentes/células segmentadas,warning_too_many_components
10915.png,demasiados componentes/células segmentadas,warning_too_many_components
10922.png,demasiados componentes/células segmentadas,warning_too_many_components
10925.png,demasiados componentes/células segmentadas,warning_too_many_components
10926.png,demasiados componentes/células segmentadas,warning_too_many_components
10927.png,demasiados componentes/células segmentadas,warning_too_many_components
10928.png,demasiados componentes/células segmentadas,warning_too_many_components
10933.png,demasiados componentes/células segmentadas,warning_too_many_components
10937.png,demasiados componentes/células segmentadas,warning_too_many_components
10938.png,demasiados componentes/células segmentadas,warning_too_many_components
10940.png,demasiados componentes/células segmentadas,warning_too_many_components
10943.png,demasiados componentes/células segmentadas,warning_too_many_components
10946.png,demasiados componentes/células segmentadas,warning_too_many_components
10947.png,demasiados componentes/células segmentadas,warning_too_many_components
10948.png,demasiados componentes/células segmentadas,warning_too_many_components
10949.png,demasiados componentes/células segmentadas,warning_too_many_components
10951.png,demasiados componentes/células segmentadas,warning_too_many_components
10952.png,demasiados componentes/células segmentadas,warning_too_many_components
10953.png,demasiados componentes/células segmentadas,warning_too_many_components
10955.png,demasiados componentes/células segmentadas,warning_too_many_components
10956.png,demasiados componentes/células segmentadas,warning_too_many_components
10957.png,demasiados componentes/células segmentadas,warning_too_many_components
10958.png,demasiados componentes/células segmentadas,warning_too_many_components
10959.png,demasiados componentes/células segmentadas,warning_too_many_components
10967.png,demasiados componentes/células segmentadas,warning_too_many_components
10969.png,demasiados componentes/células segmentadas,warning_too_many_components
10970.png,demasiados componentes/células segmentadas,warning_too_many_components
10972.png,demasiados componentes/células segmentadas,warning_too_many_components
10973.png,demasiados componentes/células segmentadas,warning_too_many_components
10974.png,demasiados componentes/células segmentadas,warning_too_many_components
10975.png,demasiados componentes/células segmentadas,warning_too_many_components
10976.png,demasiados componentes/células segmentadas,warning_too_many_components
10977.png,demasiados componentes/células segmentadas,warning_too_many_components
10979.png,demasiados componentes/células segmentadas,warning_too_many_components
10984.png,demasiados componentes/células segmentadas,warning_too_many_components
10992.png,demasiados componentes/células segmentadas,warning_too_many_components
10993.png,demasiados componentes/células segmentadas,warning_too_many_components
10995.png,demasiados componentes/células segmentadas,warning_too_many_components
11010.png,demasiados componentes/células segmentadas,warning_too_many_components
11022.png,demasiados componentes/células segmentadas,warning_too_many_components
11044.png,demasiados componentes/células segmentadas,warning_too_many_components
11045.png,demasiados componentes/células segmentadas,warning_too_many_components
11054.png,demasiados componentes/células segmentadas,warning_too_many_components
11057.png,demasiados componentes/células segmentadas,warning_too_many_components
11070.png,demasiados componentes/células segmentadas,warning_too_many_components
11071.png,demasiados componentes/células segmentadas,warning_too_many_components
11072.png,demasiados componentes/células segmentadas,warning_too_many_components
11084.png,demasiados componentes/células segmentadas,warning_too_many_components
11086.png,demasiados componentes/células segmentadas,warning_too_many_components
11087.png,demasiados componentes/células segmentadas,warning_too_many_components
11089.png,demasiados componentes/células segmentadas,warning_too_many_components
11099.png,demasiados componentes/células segmentadas,warning_too_many_components
11100.png,demasiados componentes/células segmentadas,warning_too_many_components
11105.png,demasiados componentes/células segmentadas,warning_too_many_components
11108.png,demasiados componentes/células segmentadas,warning_too_many_components
11110.png,demasiados componentes/células segmentadas,warning_too_many_components
11111.png,demasiados componentes/células segmentadas,warning_too_many_components
11113.png,demasiados componentes/células segmentadas,warning_too_many_components
11119.png,demasiados componentes/células segmentadas,warning_too_many_components
11120.png,demasiados componentes/células segmentadas,warning_too_many_components
11121.png,demasiados componentes/células segmentadas,warning_too_many_components
11123.png,demasiados componentes/células segmentadas,warning_too_many_components
11125.png,demasiados componentes/células segmentadas,warning_too_many_components
11126.png,demasiados componentes/células segmentadas,warning_too_many_components
11127.png,demasiados componentes/células segmentadas,warning_too_many_components
11129.png,demasiados componentes/células segmentadas,warning_too_many_components
11138.png,demasiados componentes/células segmentadas,warning_too_many_components
11146.png,demasiados componentes/células segmentadas,warning_too_many_components
11152.png,demasiados componentes/células segmentadas,warning_too_many_components
11156.png,demasiados componentes/células segmentadas,warning_too_many_components
11160.png,demasiados componentes/células segmentadas,warning_too_many_components
11161.png,demasiados componentes/células segmentadas,warning_too_many_components
11162.png,demasiados componentes/células segmentadas,warning_too_many_components
11188.png,demasiados componentes/células segmentadas,warning_too_many_components
11220.png,demasiados componentes/células segmentadas,warning_too_many_components
11302.png,demasiados componentes/células segmentadas,warning_too_many_components
11313.png,demasiados componentes/células segmentadas,warning_too_many_components
11327.png,demasiados componentes/células segmentadas,warning_too_many_components
11331.png,demasiados componentes/células segmentadas,warning_too_many_components
11543.png,demasiados componentes/células segmentadas,warning_too_many_components
11775.png,demasiados componentes/células segmentadas,warning_too_many_components
